program_name,company_name,program_id,category,reward,status,asp
建築設計・施工管理者専門転職エージェント【ガウディキャリア】,,1155209,人材（紹介・派遣・バイト）,"面談完了:￥14,652",未提携,accesstrade
hince（ヒンス）,,1155714,コスメ・ボディケア・ヘアケア,商品購入:7.00％,未提携,accesstrade
クルマネー | クルマに乗ったままキャッシュを獲得,,1155265,その他金融,"契約後振込完了:￥20,512",未提携,accesstrade
【KEEN（キーン）】高単価商品,,1155143,ファッション・アクセサリー,商品個別:19.20％,未提携,accesstrade
ITトレンドマネー,,1154230,その他金融,"WebMTGでのインタビュー完了:￥6,000",未提携,accesstrade
マネーフォワード ME,,1153749,その他金融,"登録後24時間以内にプレミアム会員登録:￥5,860",未提携,accesstrade
リネット かばん,,1153461,家事代行,新規申込:￥850,未提携,accesstrade
リネット くつ,,1153460,家事代行,新規申込:￥850,未提携,accesstrade
リネット 布団,,1153459,家事代行,新規申込:￥850,未提携,accesstrade
リネット 保管,,1153456,家事代行,新規申込:￥850,未提携,accesstrade
リネット 衣類,,1153455,家事代行,新規申込:￥850,未提携,accesstrade
筋肉食堂DELI,,1153287,デリバリー・健康食品・食料品,"初回購入完了:￥2,380",未提携,accesstrade
日本中小企業金融サポート機構 （FACTORU）,,1152968,その他金融,"新規問い合わせ完了:￥10,989",未提携,accesstrade
日本中小企業金融サポート機構,,1152967,その他金融,"新規問い合わせ完了:￥10,989",未提携,accesstrade
ビートレーディング（ポータル）※個人向け,,1152966,その他金融,"新規問い合わせ完了:￥10,989",未提携,accesstrade
ビートレーディング,,1152964,その他金融,"新規問い合わせ完了:￥10,989",未提携,accesstrade
MASH GO GREEN STORE,,1152497,コスメ・ボディケア・ヘアケア,商品個別:3.85％,未提携,accesstrade
CyberBB GIGA! WiMAX,,1151887,通信（スマホ・Wifi・光回線）,"開通完了:￥4,300",未提携,accesstrade
出産後の無料相談サイト「ガーデン」,,1151851,損害保険・生命保険,"新規面談完了:￥10,989",未提携,accesstrade
ワイン通販ならマイワインクラブ　新規ユーザー用,,1151390,デリバリー・健康食品・食料品,商品購入:14.00％,未提携,accesstrade
TikTok Shop　【リピート用プログラム】,,1150941,総合通販・モール,商品購入:8.50％,未提携,accesstrade
退職代行ヒトヤスミ,,1150938,人材（紹介・派遣・バイト）,"入金:￥8,790",未提携,accesstrade
TikTok Shop　【新規用プログラム】,,1150913,総合通販・モール,新規商品購入:19.20％,未提携,accesstrade
ワッツまとめ買いプラスオンライン,,1150755,家電・日用品・インテリア,商品個別:2.00％,未提携,accesstrade
携帯/スマホのスピード高価買取のダイワンテレコム,,1150656,通信（スマホ・Wifi・光回線）,"新規買取申込:￥1,245",未提携,accesstrade
中古スマホ激安販売のダイワンテレコム,,1150534,通信（スマホ・Wifi・光回線）,商品購入完了:3.66％,未提携,accesstrade
メンターキャピタル（Mentor Capital）,,1149959,その他金融,"【法人】新規問合せ完了:￥10,549 / 【個人】新規問合せ完了:￥5,327",未提携,accesstrade
進研ゼミ 高校講座［ベネッセ］,,1149951,教育・資格,"高校講座 入会:￥5,860",未提携,accesstrade
価格.com 外構工事,,1149848,その他サービス,"施工完了:￥4,500",未提携,accesstrade
価格.com 植木のお手入れ,,1149847,その他サービス,"サービス完了:￥4,500",未提携,accesstrade
価格.com 特殊清掃,,1149845,その他サービス,"清掃完了:￥5,000",未提携,accesstrade
LiPLUS　引越し,,1149843,その他サービス,"引越し完了:￥4,500",未提携,accesstrade
Kidslation (キッズレーション),,1148865,デリバリー・健康食品・食料品,"商品購入完了:￥1,465",未提携,accesstrade
Ms.Academy,,1148758,教育・資格,"セミナー予約:￥3,500",未提携,accesstrade
幻想神域 Echo of Cube,,1148197,オンラインゲーム,無料会員登録または初回ゲーム登録:￥439,未提携,accesstrade
うな探偵社,,1147969,士業・探偵,"問い合わせ:￥24,175",未提携,accesstrade
リテラ（BringRitera）,,1147923,ネットサービス,"フリープラン利用中:￥732 / ライトプラン:￥1,465 / スタンダードプラン:￥2,197",未提携,accesstrade
【ポイント用】東急パワーサプライ,,1147915,その他サービス,"新規申し込み後の2か月継続完了:￥9,890",未提携,accesstrade
ELECAREER（エレキャリア）,,1147860,人材（紹介・派遣・バイト）,"新規会員登録:￥7,326",未提携,accesstrade
AIスキルアカデミー,,1147437,教育・資格,"セミナー予約:￥3,500",未提携,accesstrade
ファーマキャリア（パート）,,1147408,人材（紹介・派遣・バイト）,"新規会員登録:￥25,500",未提携,accesstrade
オーリムルナ,,1147403,デリバリー・健康食品・食料品,"商品購入（新規のみ）:￥7,650",未提携,accesstrade
オーリム スカルプセラムβ,,1147402,コスメ・ボディケア・ヘアケア,"商品購入（新規のみ）:￥7,650",未提携,accesstrade
ジョブソエル,,1147383,人材（紹介・派遣・バイト）,"会員登録:￥7,000 / 求人応募完了:￥14,000",未提携,accesstrade
ファーマキャリア（正社員）,,1147342,人材（紹介・派遣・バイト）,"新規会員登録:￥59,500",未提携,accesstrade
価格.com くらしサポート,,1147179,その他サービス,"掃除:￥1,300 / 不用品:￥1,465 / 植木屋:￥3,500",未提携,accesstrade
ブランドオフ「出張買取」,,1147060,買取,"WEBからの出張買取申込後、30日以内に買取成立:￥4,865",未提携,accesstrade
退職代行ヤメドキ,,1146880,人材（紹介・派遣・バイト）,"入金完了:￥9,500",未提携,accesstrade
東急パワーサプライ,,1146869,その他サービス,"新規申し込み完了後の供給開始:￥5,128",未提携,accesstrade
退職代行Jobs,,1146802,人材（紹介・派遣・バイト）,"入金:￥12,000",未提携,accesstrade
オンライン英会話アレバ,,1146754,教育・資格,"新規無料体験レッスン:￥2,000",未提携,accesstrade
エストレ,,1146736,教育・資格,"面談完了:￥2,564",未提携,accesstrade
出張買取あきなや,,1146552,買取,"買取完了:￥1,830",未提携,accesstrade
探偵の窓口,,1146507,士業・探偵,"申込後の本人確認:￥13,319",未提携,accesstrade
野上養鶏所,,1146041,デリバリー・健康食品・食料品,商品購入:10.00％,未提携,accesstrade
EaseUS,,1146030,家電・日用品・インテリア,商品購入:30.00％,未提携,accesstrade
SiteLead,,1145985,ネットサービス,"新規有料登録:￥1,980",未提携,accesstrade
Famm_生成AIスクール,,1145908,教育・資格,"説明会参加:￥11,720",未提携,accesstrade
Famm_WEBデザインスクール,,1145906,教育・資格,"説明会予約完了:￥14,650",未提携,accesstrade
ハーマンミラーストア,,1145894,家電・日用品・インテリア,商品購入:2.90％,未提携,accesstrade
ミエルモ,,1145878,損害保険・生命保険,"問い合わせ完了:￥1,098",未提携,accesstrade
TOSSY,,1145837,FX・証券・暗号資産,"取引完了:￥5,000",未提携,accesstrade
〈定期オトク便〉ゼンブハッピースタートセット,,1145565,デリバリー・健康食品・食料品,"商品購入（新規のみ）:￥3,000",未提携,accesstrade
リースナブル,,1145557,中古車・バイク査定,"新規審査申込:￥7,735",未提携,accesstrade
ドコモオンラインショップ,,1145256,通信（スマホ・Wifi・光回線）,"端末セット×機種変更（Certified端末のみ対象）:￥3,893 / 端末セット×新規（Certified端末のみ対象）:￥3,893 / 端末セット×乗り換え（MNP）:￥5,000",未提携,accesstrade
Dr.Communication,,1145224,ネットサービス,"オンライン無料体験/カウンセリングに参加（プランの提案を受ける）:￥3,663",未提携,accesstrade
セカンドストリートブランド出張買取,,1145091,買取,"新規買取申込:￥5,500 / 電話成果:￥5,500",未提携,accesstrade
デジハク,,1144716,教育・資格,"オンライン無料説明会:￥12,000",未提携,accesstrade
Eki スキンベールプライマー,,1144506,コスメ・ボディケア・ヘアケア,"購入完了（新規のみ）:￥7,325",未提携,accesstrade
レチベイビー,,1144505,コスメ・ボディケア・ヘアケア,"購入完了（新規のみ）:￥7,325",未提携,accesstrade
L Shot,,1144504,コスメ・ボディケア・ヘアケア,"購入完了（新規のみ）:￥7,325",未提携,accesstrade
ハリッチプレミアムリッチプラス,,1144503,コスメ・ボディケア・ヘアケア,"購入完了（新規のみ）:￥7,325",未提携,accesstrade
ウズウズカレッジ　AWSコース,,1144259,教育・資格,"面談完了:￥8,790",未提携,accesstrade
アウル経済のファクタリング,,1144083,その他金融,"フォーム問い合わせ:￥16,117",未提携,accesstrade
セカイモン,,1143807,総合通販・モール,商品個別:4.76％,未提携,accesstrade
WOWOWスポーツ放送（法人契約専用）,,1143541,VOD,"契約完了:￥10,989",未提携,accesstrade
薬用スカルプシャンプー【マイナチュレ】,,1143363,コスメ・ボディケア・ヘアケア,"商品購入（新規のみ）:￥1,700",未提携,accesstrade
スカルプフローラブースター【マイナチュレ】,,1143362,コスメ・ボディケア・ヘアケア,"商品購入（新規のみ）:￥1,700",未提携,accesstrade
弁護士法人アビエス法律事務所（債務整理）,,1143328,士業・探偵,"申込後電話での本人確認完了:￥13,150",未提携,accesstrade
不動産投資ならPropally,,1143186,その他金融,"本登録完了:￥1,875 / インストール後初回起動:￥0",未提携,accesstrade
学研TV,,1143020,VOD,"新規プラン加入:￥2,197",未提携,accesstrade
ファクタリングのプログレス,,1142791,その他金融,"新規問い合わせ:￥10,256",未提携,accesstrade
おうちのぜんぶ,,1142339,不動産・リフォーム,"面談完了:￥16,849",未提携,accesstrade
ほけんの縁結び,,1142321,損害保険・生命保険,"面談完了:￥7,326",未提携,accesstrade
ほけんのぜんぶ,,1142319,損害保険・生命保険,"面談完了:￥7,326",未提携,accesstrade
キューエネスでんき Qベーシックプラン,,1141954,その他サービス,"契約完了:￥5,860",未提携,accesstrade
にゃんこWi-Fi,,1141665,通信（スマホ・Wifi・光回線）,"新規申込:￥5,128",未提携,accesstrade
MALKS（モルクス）,,1141583,デリバリー・健康食品・食料品,商品購入:5.85％,未提携,accesstrade
Ugreen,,1141552,その他Eコマース,商品購入:5.00％,未提携,accesstrade
リリアージュ,,1141333,ファッション・アクセサリー,申込み完了:7.30％,未提携,accesstrade
M＆Aキャリア,,1141311,人材（紹介・派遣・バイト）,"面談完了:￥21,978",未提携,accesstrade
ワンピの魔法,,1141225,ファッション・アクセサリー,申込み完了:7.30％,未提携,accesstrade
BOXIL（ボクシル）,,1140864,その他サービス,"法人向けSaaS資料請求:￥7,692",未提携,accesstrade
メルカリモバイル,,1140813,通信（スマホ・Wifi・光回線）,"回線申込完了:￥2,630 / インストール完了:￥0",未提携,accesstrade
食べチョク フルーツセレクト,,1140784,デリバリー・健康食品・食料品,"プレミアムコース_1か月プラン:￥2,197 / プレミアムコース_3か月プラン:￥2,197 / プレミアムコース_6か月プラン:￥2,930",未提携,accesstrade
駐車場予約サービス【特P】,,1140704,ネットサービス,新規駐車場予約:7.00％,未提携,accesstrade
自宅の駐車場を貸し出そう【特P】,,1140703,ネットサービス,"新規駐車場無料登録:￥4,761",未提携,accesstrade
おトクなカーシェア【EARTHCAR】,,1140652,ネットサービス,新規カーシェア利用:8.00％,未提携,accesstrade
DMM 生成AI CAMP 学び放題,,1140632,教育・資格,"セミナー予約完了:￥1,000 / 入会完了:￥10,000",未提携,accesstrade
SHIFT TERAS CAMPUSエンジニア転職コース,,1140630,教育・資格,"新規無料相談予約:￥1,000 / 契約:￥10,000",未提携,accesstrade
SHIFT TERAS CAMPUSプログラミングコース,,1140629,教育・資格,"新規無料相談予約:￥1,000 / 契約:￥10,000",未提携,accesstrade
MillenVPN,,1140340,通信（スマホ・Wifi・光回線）,"ワンタイムプラン（15日）:￥190 / ワンタイムプラン（30日）:￥190 / サブスクプラン:￥3,333",未提携,accesstrade
Smart Consul,,1140337,人材（紹介・派遣・バイト）,"アカウント登録（フォーム申込）:￥3,663",未提携,accesstrade
Agent Kikkake,,1140336,人材（紹介・派遣・バイト）,"オンライン面談:￥7,326",未提携,accesstrade
【キャリコン】,,1140300,人材（紹介・派遣・バイト）,"新規オンライン面談:￥7,326",未提携,accesstrade
【アプリ購入限定用】レンズアップル,,1140164,家電・日用品・インテリア,商品購入:6.00％,未提携,accesstrade
アカリクキャリア_IT・AI特化,,1140137,人材（紹介・派遣・バイト）,"会員登録:￥5,000",未提携,accesstrade
アカリクキャリア_メーカー特化,,1140136,人材（紹介・派遣・バイト）,"会員登録:￥5,000",未提携,accesstrade
アカリクキャリア,,1140078,人材（紹介・派遣・バイト）,"会員登録:￥5,000",未提携,accesstrade
えんナビ,,1139890,その他金融,"新規問合せ:￥10,989",未提携,accesstrade
バズカレッジ,,1139802,教育・資格,"新規無料説明会参加:￥5,714",未提携,accesstrade
遺伝子検査chatGENE Pro半額,,1139757,その他Eコマース,"商品購入:￥1,098",未提携,accesstrade
FXTF 商品CFD・商品ノックアウトオプション,,1139354,FX・証券・暗号資産,"口座開設完了:￥5,860",未提携,accesstrade
FXTF 暗号資産CFD・暗号資産ノックアウトオプション,,1139353,FX・証券・暗号資産,"口座開設完了:￥10,000",未提携,accesstrade
遺伝子検査chatGENE Pro,,1139349,その他Eコマース,"商品購入：売価19,800円の場合:￥2,197",未提携,accesstrade
遺伝子検査chatGENE,,1139348,その他Eコマース,商品購入:￥732,未提携,accesstrade
JTB海外プロモーション,,1139344,旅行,"海外ツアー￥100,000未満:￥732 / 海外ツアー￥100,000以上:￥2,197",未提携,accesstrade
IELTS TRAINER PRO,,1139284,教育・資格,"無料カウンセリングお申込み完了:￥3,663",未提携,accesstrade
ウリエル,,1138902,買取,"商品購入:￥5,860",未提携,accesstrade
TEN ALL(テンオール) 卓球専門ストア,,1138798,スポーツ・キャラクターグッズ,商品個別:5.12％,未提携,accesstrade
水神(Suijin) 水泳用品専門ストア,,1138797,スポーツ・キャラクターグッズ,商品個別:5.12％,未提携,accesstrade
HRエージェント,,1138574,人材（紹介・派遣・バイト）,"面談実施:￥10,000",未提携,accesstrade
PAYTODAY,,1138549,その他金融,"審査完了:￥9,523",未提携,accesstrade
英語トレーニング GSET,,1138219,教育・資格,"無料体験登録:￥2,500",未提携,accesstrade
アウトラインジム,,1138154,その他サービス,"無料カウンセリング完了:￥10,989",未提携,accesstrade
オンライン親子教室,,1138072,教育・資格,"入会申込完了:￥4,395",未提携,accesstrade
JapanConnect eSIM,,1137586,通信（スマホ・Wifi・光回線）,商品個別:7.30％,未提携,accesstrade
【ポイントサイト専用】シン・エナジー,,1137350,その他サービス,"新規開通完了:￥2,614",未提携,accesstrade
シン・エナジー,,1137349,その他サービス,"申込後の開通:￥2,614",未提携,accesstrade
【KEEN（キーン）】 アウトドア・フットウェアブランド,,1137174,ファッション・アクセサリー,商品個別:10.00％,未提携,accesstrade
ユニゾンキャリア （経験者）,,1136868,人材（紹介・派遣・バイト）,"面談申込完了:￥19,047",未提携,accesstrade
ユニゾンキャリア （未経験者）,,1136782,人材（紹介・派遣・バイト）,"面談申込完了:￥11,721",未提携,accesstrade
ダイナースクラブ　ビジネスカード,,1135924,キャッシング・ローン・クレカ,"カード発券:￥10,109",未提携,accesstrade
ダイナースクラブカード,,1135923,キャッシング・ローン・クレカ,"カード発券:￥17,509",未提携,accesstrade
COMMOSUS,,1135866,その他金融,"口座開設完了:￥7,619",未提携,accesstrade
総合探偵事務所・興信所のMR,,1135827,士業・探偵,"WEBからの無料相談申込:￥13,187",未提携,accesstrade
PLAIO WiMAX,,1135361,通信（スマホ・Wifi・光回線）,"回線開通:￥12,000",未提携,accesstrade
【toB】レバテック,,1135145,人材（紹介・派遣・バイト）,"資料請求or問い合わせ:￥36,630",未提携,accesstrade
RareTECH,,1135141,教育・資格,"無料カウンセリング参加完了:￥25,641",未提携,accesstrade
テックゴー,,1135097,人材（紹介・派遣・バイト）,"新規無料転職相談:￥18,000",未提携,accesstrade
PRICE BASE買取,,1135096,買取,買取完了:￥732,未提携,accesstrade
PRICE BASE通販,,1135094,その他Eコマース,商品購入:2.10％,未提携,accesstrade
VELTRA（ベルトラ）,,1134940,旅行,国内:1.00％ / 国外:3.00％ / ストア:1.00％,未提携,accesstrade
IG証券,,1134760,FX・証券・暗号資産,"口座開設完了:￥8,790",未提携,accesstrade
【ポイント用】So-net 光 1ギガ(転用/事業者変更),,1134757,通信（スマホ・Wifi・光回線）,"開通完了:￥7,500",未提携,accesstrade
So-net 光 1ギガ(新設),,1134756,通信（スマホ・Wifi・光回線）,"開通完了:￥7,500",未提携,accesstrade
【ポイント用】So-net 光 10ギガ(転用/事業者変更),,1134755,通信（スマホ・Wifi・光回線）,"開通完了:￥7,500",未提携,accesstrade
So-net 光 10ギガ(新設),,1134754,通信（スマホ・Wifi・光回線）,"開通完了:￥7,500",未提携,accesstrade
So-net 光(auひかり),,1134753,通信（スマホ・Wifi・光回線）,"開通完了:￥8,000",未提携,accesstrade
【布団】クリーニングパンダ,,1134749,家事代行,"集荷申込:￥1,200",未提携,accesstrade
【衣類】クリーニングパンダ,,1134748,家事代行,"集荷申込:￥1,200",未提携,accesstrade
Pierrot（ピエロ）・RASW（ラス）,,1134620,ファッション・アクセサリー,商品個別:6.36％,未提携,accesstrade
【新規購入用】Pierrot（ピエロ）・RASW（ラス）,,1134619,ファッション・アクセサリー,商品個別:22.72％,未提携,accesstrade
LeCielBleuClair,,1134224,オンラインゲーム,無料会員登録もしくは初回ゲーム登録:￥439,未提携,accesstrade
KANADEMONO,,1133475,家電・日用品・インテリア,商品個別:5.00％,未提携,accesstrade
にゃっち,,1133352,家電・日用品・インテリア,"1回目（お試し受け取り）:￥1,450 / 2回目（定期1回目受け取り）:￥1,300",未提携,accesstrade
DMM英会話,,1133313,教育・資格,"新規無料レッスン受講:￥3,000",未提携,accesstrade
CFDのサクソバンク証券　口座開設,,1133183,FX・証券・暗号資産,"新規口座開設完了:￥5,128",未提携,accesstrade
ウリエル【商材別】,,1133098,買取,"カメラ買取完了:￥5,860 / 骨董品買取完了:￥5,860 / 着物買取完了:￥5,860",未提携,accesstrade
CCレッスン,,1133091,ネットサービス,"新規無料体験受講:￥2,000",未提携,accesstrade
ZEAL BOXING FITNESS,,1132932,その他サービス,"来店完了:￥8,791",未提携,accesstrade
KARADA BESTA,,1132623,エステ・リラクゼーション,"体験完了:￥5,128 / プラン入会:￥10,989",未提携,accesstrade
FXのサクソバンク証券　口座開設,,1132124,FX・証券・暗号資産,"新規口座開設完了:￥5,128",未提携,accesstrade
海外株式のサクソバンク証券,,1132123,FX・証券・暗号資産,"新規口座開設完了:￥2,930",未提携,accesstrade
Plus500証券,,1131898,FX・証券・暗号資産,"新規口座開設＋初回取引完了:￥14,652",未提携,accesstrade
The Past Versant対策プログラム,,1131894,教育・資格,"無料カウンセリング予約:￥5,000",未提携,accesstrade
ネットオフ「ブランド服」宅配買取,,1131763,買取,買取成立:￥869,未提携,accesstrade
おとくに光,,1130774,通信（スマホ・Wifi・光回線）,"新規開通完了:￥6,227",未提携,accesstrade
ディアトーク,,1130208,教育・資格,無料会員登録後のトライアル課金:￥700,未提携,accesstrade
キャリアパーク就職エージェント For20’s,,1130203,人材（紹介・派遣・バイト）,"エントリー:￥10,000",未提携,accesstrade
ウズカレIT,,1130154,人材（紹介・派遣・バイト）,"面談完了:￥8,953",未提携,accesstrade
ネイティブキャンプ留学,,1130152,教育・資格,"見積完了:￥5,000",未提携,accesstrade
投資の加速,,1130055,その他金融,"無料体験会への参加:￥8,000",未提携,accesstrade
OKJ,,1129642,FX・証券・暗号資産,"口座開設完了:￥2,197",未提携,accesstrade
TIPSTAR(Android),,1129638,エンタメ,インストール後初回起動（0130よりポイントサイトは現金チャージ）:￥800 / 投票完了:￥0,未提携,accesstrade
キャリ活,,1129552,人材（紹介・派遣・バイト）,"面談予約完了:￥2,900",未提携,accesstrade
PayPayギフトプレゼントキャンペーン,,1129493,その他サービス,キャンペーン応募完了:￥80,未提携,accesstrade
スキルキャリアエージェント,,1129222,人材（紹介・派遣・バイト）,"新規会員登録:￥7,326",未提携,accesstrade
オリくじ,,1129060,ネットサービス,無料会員登録完了:￥400,未提携,accesstrade
atone,,1129029,その他金融,会員登録:￥300,未提携,accesstrade
bisenoヘアカラートリートメント,,1128984,コスメ・ボディケア・ヘアケア,"商品購入（新規のみ）:￥1,200",未提携,accesstrade
ウォーターワン クリア,,1128952,デリバリー・健康食品・食料品,"新規申込:￥14,652",未提携,accesstrade
Airビジネスツール開業相談,,1128949,その他サービス,"オンライン導入相談:￥12,645",未提携,accesstrade
ALTERNA,,1128948,その他金融,"口座開設:￥2,747",未提携,accesstrade
日本山人参,,1128891,デリバリー・健康食品・食料品,商品購入:￥622,未提携,accesstrade
SHEIN,,1128890,家電・日用品・インテリア,商品購入（既存）:2.00％ / 商品購入（新規のみ）:16.00％,未提携,accesstrade
Airレジ　オンライン導入相談,,1128456,その他サービス,"オンライン導入相談:￥12,927",未提携,accesstrade
ZIGENアフターシェーブローション,,1128281,コスメ・ボディケア・ヘアケア,"商品購入（新規のみ）:￥1,000",未提携,accesstrade
ライフネットスーパー,,1128192,デリバリー・健康食品・食料品,"初回注文完了:￥1,831 / インストール後初回起動:￥0",未提携,accesstrade
TIPSTAR(iOS),,1128180,エンタメ,インストール後初回起動（0130よりポイントサイトは現金チャージ）:￥800 / 投票完了:￥0,未提携,accesstrade
Pool（Android）,,1127732,その他金融,"投資申し込み完了:￥10,000",未提携,accesstrade
Pool（iOS）,,1127731,その他金融,"投資申し込み完了:￥10,000",未提携,accesstrade
Airレジ　新規アカウント登録,,1127392,その他サービス,"新規アカウント登録:￥12,927",未提携,accesstrade
Airペイ,,1127385,その他サービス,"WEB申込完了:￥4,981",未提携,accesstrade
キッカケエージェント,,1126388,人材（紹介・派遣・バイト）,"WEB登録後の面談完了:￥9,524",未提携,accesstrade
バンドルカード（Android）,,1126125,その他金融,"ポチっとチャージ完了:￥2,000 / 無料会員登録:￥0",未提携,accesstrade
バンドルカード（iOS）,,1126124,その他金融,"ポチっとチャージ完了:￥2,000 / 無料会員登録:￥0",未提携,accesstrade
WEBプロ by studio US,,1125443,教育・資格,"無料カウンセリング参加:￥10,000",未提携,accesstrade
studio US 動画制作オンラインスクール,,1125440,教育・資格,"無料説明会参加:￥10,000",未提携,accesstrade
Kiminiオンライン英会話,,1125154,教育・資格,"無料体験実施:￥2,000",未提携,accesstrade
メタトレーダーは【ファイネストFX】,,1124749,FX・証券・暗号資産,"開設完了後取引:￥8,000",未提携,accesstrade
concoi（こんこい）,,1124548,婚活・マッチング,"無料会員登録完了:￥1,000",未提携,accesstrade
釣りビジョンVOD,,1124155,VOD,"新規会員登録:￥3,400",未提携,accesstrade
一億個の乳酸菌がしっかり腸に届く！【乳酸菌EC-12】,,1124147,デリバリー・健康食品・食料品,"購入:￥1,900",未提携,accesstrade
建築転職,,1123238,人材（紹介・派遣・バイト）,"新規面談実施完了:￥14,652",未提携,accesstrade
7sGood,,1122822,家電・日用品・インテリア,購入（新規、再購入共に）:10.90％,未提携,accesstrade
わたしのIFA（アドバイザー相談バージョン）,,1122258,その他金融,"面談完了:￥7,326",未提携,accesstrade
わたしのIFA（カウンセリングバージョン）,,1122257,その他金融,"面談完了:￥14,652",未提携,accesstrade
げん玉,,1122192,その他,新規無料会員登録:￥73,未提携,accesstrade
World eSIM,,1121509,通信（スマホ・Wifi・光回線）,商品購入・決済完了:10.90％,未提携,accesstrade
F ORGANICS(エッフェオーガニック),,1121505,コスメ・ボディケア・ヘアケア,商品個別:7.30％ / クーポン利用:7.30％,未提携,accesstrade
SNIDEL BEAUTY(スナイデル ビューティ),,1121504,コスメ・ボディケア・ヘアケア,商品個別:7.30％ / クーポン利用:7.30％,未提携,accesstrade
Celvoke（セルヴォーク）,,1121503,コスメ・ボディケア・ヘアケア,商品個別:7.30％ / クーポン利用:7.30％,未提携,accesstrade
to/one(トーン),,1121502,コスメ・ボディケア・ヘアケア,商品個別:7.30％ / クーポン利用:7.30％,未提携,accesstrade
ViVi Water,,1121279,デリバリー・健康食品・食料品,"設置完了:￥12,000",未提携,accesstrade
eSIM-san（イーシムさん）,,1120899,通信（スマホ・Wifi・光回線）,商品購入完了（入金確認必須）:10.90％,未提携,accesstrade
CAGUUU,,1120831,家電・日用品・インテリア,商品個別:5.00％,未提携,accesstrade
RakuRakuJAPAN eSIM,,1119789,通信（スマホ・Wifi・光回線）,商品個別:7.30％,未提携,accesstrade
第二新卒・既卒・フリーター・ニートの就職サポート【UZUZ】,,1119786,人材（紹介・派遣・バイト）,"新規無料会員登録:￥8,791",未提携,accesstrade
e-zoa,,1119414,家電・日用品・インテリア,商品購入完了（新規）:1.46％,未提携,accesstrade
コンサル転職エージェント MyVision,,1119363,人材（紹介・派遣・バイト）,"新規無料転職相談:￥18,000",未提携,accesstrade
ワイン通販ならマイワインクラブ,,1119177,デリバリー・健康食品・食料品,商品購入:23.07％,未提携,accesstrade
しずくりあ,,1119176,デリバリー・健康食品・食料品,"新規サーバー設置:￥6,153",未提携,accesstrade
〈定期オトク便〉ゼンブブレッドスタートセット,,1118648,デリバリー・健康食品・食料品,"商品購入（新規のみ）:￥3,000",未提携,accesstrade
マクロミルのアンケートモニター無料登録,,1118321,その他サービス,新規会員登録完了:￥260,未提携,accesstrade
PBRレンディング,,1117768,FX・証券・暗号資産,"初回レンディング実行:￥7,326 / 初回プレミアムレンディング実行:￥10,989 / 投資家登録完了:￥0",未提携,accesstrade
Pollet ウェブ,,1117759,家電・日用品・インテリア,"買取申込:￥1,025",未提携,accesstrade
【CHICKEN GOLF チキンゴルフ】,,1117393,その他サービス,"来店完了:￥14,600",未提携,accesstrade
メルカリ【購入】,,1116839,ファッション・アクセサリー,商品購入:2.00％,未提携,accesstrade
手取りUPを目指す！税金対策セミナー,,1116236,その他金融,"セミナー参加＋個別相談完了:￥5,860",未提携,accesstrade
初心者にもわかりやすい資産運用セミナー,,1116235,その他金融,"セミナー参加＋個別相談完了:￥5,860",未提携,accesstrade
マルコ公式オンラインショップ,,1116233,ファッション・アクセサリー,商品購入:10.00％,未提携,accesstrade
パーソルクロステクノロジー　フリーランスサービス,,1116137,人材（紹介・派遣・バイト）,"新規登録:￥10,989",未提携,accesstrade
ChapterTwo,,1115860,教育・資格,"無料オンラインカウンセリング参加完了:￥3,600",未提携,accesstrade
NOIN shop,,1115400,コスメ・ボディケア・ヘアケア,商品購入:7.30％,未提携,accesstrade
PayCAS　Mobile,,1115397,その他金融,"PayCAS Mobile 本申込完了:￥35,000",未提携,accesstrade
ビオルチア　アイラッシュセラム,,1114889,コスメ・ボディケア・ヘアケア,"商品購入:￥7,326",未提携,accesstrade
BitWalk,,1114609,FX・証券・暗号資産,新規アプリインストール:￥109,未提携,accesstrade
マイナチュレオールインワンカラートリートメント,,1113949,コスメ・ボディケア・ヘアケア,"商品購入（新規のみ）:￥1,500",未提携,accesstrade
OneNya NAXLU,,1113333,その他Eコマース,"購入:￥14,652",未提携,accesstrade
ランスタッド 製造・軽作業派遣,,1113073,人材（紹介・派遣・バイト）,"WEBからの派遣登録予約後、本人確認完了:￥3,663",未提携,accesstrade
レンズモード　【新規購入限定用】,,1112606,家電・日用品・インテリア,"定期便商品:￥2,000",未提携,accesstrade
Eyepa,,1112341,デリバリー・健康食品・食料品,"商品個別:￥2,197",未提携,accesstrade
バチェラーデート【Androidアプリ】,,1112021,婚活・マッチング,"初回電話番号認証完了後、フォーム1ページ目突破:￥1,332 / インストール後初回起動:￥0 / 男性無料会員登録:￥0",未提携,accesstrade
iステップ,,1111585,ネットサービス,"有料会員登録:￥10,989",未提携,accesstrade
本の要約サービス「サマリーオンライン」,,1111239,教育・資格,有料会員登録:￥732,未提携,accesstrade
NAXLU,,1110196,その他Eコマース,"商品購入:￥5,120",未提携,accesstrade
トライオートCFD,,1109699,FX・証券・暗号資産,"口座開設完了:￥12,000",未提携,accesstrade
中学受験専門　速読解力講座,,1109598,教育・資格,"資料請求:￥586 / 無料体験申込:￥1,831",未提携,accesstrade
Airalo eSIM,,1109546,通信（スマホ・Wifi・光回線）,プラン購入:9.70％,未提携,accesstrade
BTCBOX,,1108534,FX・証券・暗号資産,"口座開設完了:￥5,860",未提携,accesstrade
NINJA CODE（忍者コード ）,,1107826,教育・資格,"無料メンター相談申込 or 無料体験レッスン申込:￥15,500",未提携,accesstrade
ギフトゲッター,,1107452,エンタメ,"新規登録後の300コインの獲得:￥1,464 / 新規登録後の広告利用:￥0",未提携,accesstrade
OCN インターネット × ドコモ光,,1107122,通信（スマホ・Wifi・光回線）,"開通完了:￥12,380",未提携,accesstrade
〈定期オトク便〉ゼンブヌードル丸麺スタートセット,,1107088,デリバリー・健康食品・食料品,"商品購入（新規のみ）:￥3,000",未提携,accesstrade
お金のトレーニングABCash,,1106308,その他金融,"無料体験会への参加:￥8,000",未提携,accesstrade
セルフジェルネイル「ohora」,,1104859,ファッション・アクセサリー,商品購入（新規）:14.65％,未提携,accesstrade
ツナグバ,,1104178,人材（紹介・派遣・バイト）,"面談完了:￥14,652",未提携,accesstrade
WiFiBOX,,1103618,通信（スマホ・Wifi・光回線）,利用完了:10.00％,未提携,accesstrade
ぴたスマ（WEB面談）,,1103372,通信（スマホ・Wifi・光回線）,"WEB面談:￥2,197",未提携,accesstrade
キャリアパーク,,1103371,人材（紹介・派遣・バイト）,"会員登録:￥1,000",未提携,accesstrade
スピフル,,1102835,教育・資格,トライアル申し込み:￥732,未提携,accesstrade
ホームフィットネスブランド「STEADY」,,1101982,コスメ・ボディケア・ヘアケア,商品購入:7.00％,未提携,accesstrade
ZIGENパーフェクトスムースシェービングジェル,,1101411,コスメ・ボディケア・ヘアケア,"商品購入（新規のみ）:￥1,000",未提携,accesstrade
カナダ産ペットフード『アカナ・オリジン』世界90ヵ国で販売,,1101287,家電・日用品・インテリア,商品購入:17.00％,未提携,accesstrade
トレカの殿堂,,1100266,買取,課金完了:￥681,未提携,accesstrade
ミツウロコでんき,,1100206,その他サービス,"供給完了:￥3,663",未提携,accesstrade
東京スター銀行　口座開設,,1100190,その他金融,"口座開設申込完了:￥3,663",未提携,accesstrade
JAPANトランクルーム,,1099494,その他サービス,"お問い合わせ完了:￥1,465",未提携,accesstrade
UZUZ 27新卒,,1099323,人材（紹介・派遣・バイト）,"新規無料相談実施:￥16,000",未提携,accesstrade
Meets Company,,1099311,人材（紹介・派遣・バイト）,"面談:￥3,663",未提携,accesstrade
博多もつ鍋おおやま,,1099183,デリバリー・健康食品・食料品,商品購入:10.00％,未提携,accesstrade
Taxnap,,1099022,その他金融,インストール後の初回起動:￥366,未提携,accesstrade
塗るだけでシミ改善/しわ予防【イクダム(IQDUM)】,,1098916,コスメ・ボディケア・ヘアケア,商品購入:￥952,未提携,accesstrade
JAバンクのクレジットカード【JAカード】,,1098244,キャッシング・ローン・クレカ,"新規クレジットカードWEB申込完了:￥4,835",未提携,accesstrade
スポーツデポ・ゴルフ5・アルペンの公式オンラインストア,,1097829,スポーツ・キャラクターグッズ,商品購入:3.66％,未提携,accesstrade
英語コーチングPRESENCE,,1097794,教育・資格,"新規無料カウンセリング:￥10,256",未提携,accesstrade
マネックス証券 FXPLUS,,1097689,FX・証券・暗号資産,"口座開設申込:￥3,000",未提携,accesstrade
誰でもスマホ,,1096553,通信（スマホ・Wifi・光回線）,"新規契約:￥1,905",未提携,accesstrade
GOOPASS,,1094901,家電・日用品・インテリア,有料会員登録完了:7.32％,未提携,accesstrade
WOWOW,,1094877,VOD,"有料会員登録:￥1,172",未提携,accesstrade
東進ハイスクール,,1094810,教育・資格,"資料請求の申し込み完了 / 1日体験の申し込み完了 / 個別相談の申し込み完了:￥1,000",未提携,accesstrade
toridori marketing成約,,1094735,その他,"成約:￥51,282",未提携,accesstrade
chocoZAP,,1094732,エステ・リラクゼーション,入会完了:￥720,未提携,accesstrade
デジハク｜理想を現実へ導くマンツーマン動画編集スクール,,1093381,教育・資格,"説明会参加:￥9,670",未提携,accesstrade
LeTAO,,1092744,デリバリー・健康食品・食料品,商品購入:2.10％,未提携,accesstrade
モゲチェック (借り入れ),,1092629,キャッシング・ローン・クレカ,"新規サービス申込:￥2,564",未提携,accesstrade
モゲチェック (借り換え),,1092628,キャッシング・ローン・クレカ,"新規サービス申込:￥2,564",未提携,accesstrade
キャリアスタート（第二新卒）,,1091961,人材（紹介・派遣・バイト）,"面談:￥10,000",未提携,accesstrade
キャリアスタート（新卒）,,1091960,人材（紹介・派遣・バイト）,"27卒:￥7,326 / 26卒:￥0",未提携,accesstrade
Temu,,1091931,家電・日用品・インテリア,商品購入（新規のみ）:10.00％ / 商品購入（既存）:1.00％,未提携,accesstrade
北海道リゾートライナー,,1091838,旅行,旅行参加:7.32％,未提携,accesstrade
BizGrowth,,1091383,その他金融,"資料請求:￥2,197",未提携,accesstrade
WEBCOACH,,1091225,教育・資格,"無料カウンセリング:￥11,500",未提携,accesstrade
アソビュー！,,1090727,旅行,チケット購入:2.20％ / アクティビティ参加:2.20％,未提携,accesstrade
東京ノーストクリニック,,1090723,医療脱毛・AGA,"来院完了:￥15,000",未提携,accesstrade
食べチョク,,1090682,デリバリー・健康食品・食料品,初回購入完了:20.00％,未提携,accesstrade
上野クリニック,,1090600,医療脱毛・AGA,"施術:￥15,000",未提携,accesstrade
UCプラチナカード,,1090594,キャッシング・ローン・クレカ,"発券完了:￥7,032",未提携,accesstrade
ベルーナグルメ,,1090313,デリバリー・健康食品・食料品,商品購入:12.30％,未提携,accesstrade
メンズライフクリニック,,1090073,医療脱毛・AGA,"来院:￥19,230",未提携,accesstrade
GRAPHT Offical Store,,1089761,家電・日用品・インテリア,商品購入:3.60％,未提携,accesstrade
ZIGENアクアハンドジェル,,1089541,コスメ・ボディケア・ヘアケア,"商品購入（新規のみ）:￥1,000",未提携,accesstrade
サロモン公式オンラインストア,,1088959,ファッション・アクセサリー,商品購入:3.60％,未提携,accesstrade
DAZN for BUSINESS,,1088821,VOD,"申込完了:￥12,000",未提携,accesstrade
DMM×DAZNホーダイ,,1088639,VOD,"新規入会完了:￥1,098",提携却下,accesstrade
classy wig,,1088558,その他Eコマース,"カウンセリング実施:￥10,256",未提携,accesstrade
ウィブル(Webull)証券,,1087790,FX・証券・暗号資産,"口座開設:￥3,500",未提携,accesstrade
【アールクリーニング】ハチ害虫害獣駆除,,1087785,その他サービス,"作業完了:￥2,564 / Callaffy（電話成果:動的）:￥2,564",未提携,accesstrade
【アールクリーニング】不用品回収,,1087783,その他サービス,"作業完了:￥5,860 / Callaffy（電話成果:動的）:￥5,860",未提携,accesstrade
【アールクリーニング】激トク6時間パック,,1087782,その他サービス,"作業完了:￥3,663 / Callaffy（電話成果:動的）:￥3,663",未提携,accesstrade
【アールクリーニング】激トク4時間パック,,1087781,その他サービス,"作業完了:￥2,564 / Callaffy（電話成果:動的）:￥2,564",未提携,accesstrade
【アールクリーニング】 エアコン・ハウスクリーニング,,1087779,その他サービス,"作業完了:￥1,318 / Callaffy（電話成果:動的）:￥1,318",未提携,accesstrade
JPリターンズ「動画視聴」,,1086868,その他金融,"登録完了:￥7,326",未提携,accesstrade
JPリターンズ「年収1000万円以上面談」,,1086866,その他金融,"面談完了:￥43,956",未提携,accesstrade
JPリターンズ「個別面談」,,1086858,その他金融,"面談申込完了:￥29,304",未提携,accesstrade
mattoco＋,,1086707,FX・証券・暗号資産,"口座開設申込:￥1,700",未提携,accesstrade
まもりこ,,1086497,家電・日用品・インテリア,"新規商品購入完了:￥2,857",未提携,accesstrade
BOCCO emo LTEモデル,,1086496,家電・日用品・インテリア,"機器レンタル＆月額プランのご契約:￥2,857 / 機器購入＆月額プランのご契約:￥8,571",未提携,accesstrade
DMMプレミアム（DMM TV）,,1086464,VOD,"提携ランク5:￥1,460",提携中,accesstrade
CTN中古車一括査定,,1086245,中古車・バイク査定,"査定完了:￥4,615",未提携,accesstrade
JMGO日本公式ストア,,1086098,家電・日用品・インテリア,商品購入:5.18％,未提携,accesstrade
TeMOT（テモ）,,1085979,ファッション・アクセサリー,"単発購入:￥1,000",未提携,accesstrade
audiobook.jp,,1085877,ネットサービス,"年間トライアル:￥1,000 / 月額トライアル:￥1,000",未提携,accesstrade
Hulu | Disney+ セットプラン,,1085343,VOD,セットプラン入会:￥999,未提携,accesstrade
ケフトルEXスカルプシャンプー＆コンディショナー,,1085235,コスメ・ボディケア・ヘアケア,"商品購入（新規のみ）:￥1,200",未提携,accesstrade
リノベ不動産,,1083932,不動産・リフォーム,"資料請求完了or 問い合わせ完了:￥14,650",未提携,accesstrade
ディオクリニック,,1083714,医療脱毛・AGA,"来院予約完了:￥10,989",未提携,accesstrade
Qieto,,1083594,家電・日用品・インテリア,商品個別:6.00％,未提携,accesstrade
ワンダーシェア,,1083592,その他Eコマース,商品購入（新規のみ）:21.98％,未提携,accesstrade
G-JOBエージェント,,1083094,人材（紹介・派遣・バイト）,"転職相談エントリー完了:￥9,523",未提携,accesstrade
TeMOT（テモ）,,1082897,ファッション・アクセサリー,商品購入:7.32％,未提携,accesstrade
みんなの生命保険アドバイザー,,1082502,損害保険・生命保険,"面談実施:￥14,652",未提携,accesstrade
アットセミナー,,1082500,その他金融,"セミナー参加完了:￥6,593",未提携,accesstrade
就職エージェントneo,,1082391,人材（紹介・派遣・バイト）,"サービス登録:￥3,663",未提携,accesstrade
防犯カメラ設置110番,,1082269,その他サービス,"見積り完了:￥2,008 / Callaffy（電話成果:動的）:￥2,008",未提携,accesstrade
水110番,,1082268,その他サービス,"見積り完了:￥1,606 / Callaffy（電話成果:動的）:￥1,606",未提携,accesstrade
カギ110番,,1082266,その他サービス,"見積り完了:￥1,207 / Callaffy（電話成果:動的）:￥1,207",未提携,accesstrade
害虫駆除110番,,1082263,その他サービス,"見積り依頼:￥1,207 / Callaffy（電話成果:動的）:￥1,207",未提携,accesstrade
レンズファースト,,1082245,家電・日用品・インテリア,商品個別:6.00％,未提携,accesstrade
マネーフォワード クラウド確定申告,,1081993,その他金融,新規会員登録:￥512,未提携,accesstrade
【CPA会計学院】公認会計士講座,,1081806,教育・資格,"資料請求:￥1,684",未提携,accesstrade
SEO分析ツール【tami-co】,,1080185,その他サービス,"無料トライアル:￥3,663 / 資料ダウンロード:￥3,663",未提携,accesstrade
REPAIR THING,,1080077,その他サービス,"新規申込:￥1,465",未提携,accesstrade
共有持分・訳あり不動産買取 wakegai,,1078937,不動産・リフォーム,"査定申込後面談完了:￥21,978",未提携,accesstrade
1on1 for Singles,,1078856,婚活・マッチング,"会員登録完了:￥1,098",未提携,accesstrade
セカンドストリート（買取）,,1078611,買取,"買取成立:￥1,000",未提携,accesstrade
貯蓄の無料相談サイト「ガーデン」,,1077822,損害保険・生命保険,"新規面談完了:￥10,989",未提携,accesstrade
学資保険の無料相談サイト「ガーデン」,,1077821,損害保険・生命保険,"新規面談完了:￥10,989",未提携,accesstrade
保険の無料相談サイト「ガーデン」,,1077820,損害保険・生命保険,"新規面談完了:￥10,989",未提携,accesstrade
ZIGENフェイスウォッシュ,,1077437,コスメ・ボディケア・ヘアケア,"商品購入（新規のみ）:￥1,000",未提携,accesstrade
ZIGENオールインワンフェイスジェル,,1077436,コスメ・ボディケア・ヘアケア,"商品購入（新規のみ）:￥1,000",未提携,accesstrade
ZIGENオールインワンスカルプシャンプー,,1077401,コスメ・ボディケア・ヘアケア,"商品購入（新規のみ）:￥1,000",未提携,accesstrade
サンパラソルアスリート,,1077341,デリバリー・健康食品・食料品,"商品購入（新規のみ）:￥2,000",未提携,accesstrade
国内航空券＋ホテルの予約なら【エアトリプラス】,,1076616,旅行,"エアトリ国内航空券＋ホテル申込:￥1,831",未提携,accesstrade
エアトリ国内航空券,,1076615,旅行,"国内航空券申込:￥1,391",未提携,accesstrade
Oh!Ya(オーヤ)｜不動産投資の一括資料請求,,1075485,その他金融,"資料請求:￥2,197",未提携,accesstrade
HelloBoss,,1074824,人材（紹介・派遣・バイト）,インストール:￥109 / 無料会員登録:￥183,未提携,accesstrade
天神【発達障害の子向け】,,1074228,教育・資格,"商品個別:￥1,200",未提携,accesstrade
ふるラボ,,1074219,ふるさと納税,寄付完了:1.00％,未提携,accesstrade
天神,,1073957,教育・資格,"商品個別:￥1,200",未提携,accesstrade
ネットオフ「ゲーム機器買取」,,1073630,買取,買取完了:￥869,未提携,accesstrade
ネットオフ「ゲームソフト買取」,,1073629,買取,買取成立:￥400,未提携,accesstrade
英会話スクール【ワンコイングリッシュ】,,1073240,教育・資格,"体験レッスン受講完了:￥2,857 / コーチングコース体験レッスン受講完了:￥4,761",未提携,accesstrade
ECCジュニア オンライン教室,,1071183,教育・資格,"WEB申込後の30日以内の無料体験実施完了:￥1,786",未提携,accesstrade
AND PLANTS,,1071027,家電・日用品・インテリア,商品購入:7.10％,未提携,accesstrade
デジタルアセット担保ローン(ビットコイン/ETH),,1070460,キャッシング・ローン・クレカ,"個人契約（不動産購入目的以外):￥14,652 / 個人契約（不動産購入目的）/法人契約（目的問わず）:￥36,630",未提携,accesstrade
StayGift,,1070449,その他Eコマース,商品購入:2.19％,未提携,accesstrade
リーグ公式動画配信サービス【パーソル パ・リーグTV】,,1069377,VOD,無料会員登録後の有料転換:￥732 / パテレ行きパック2024:￥0,未提携,accesstrade
仮想通貨の確定申告【クリプタクト】,,1068577,FX・証券・暗号資産,"新規無料会員登録:￥95 / 新規支払完了:￥1,904",未提携,accesstrade
ベビー用品レンタル『ベビレンタ』,,1067939,家電・日用品・インテリア,レンタル完了:9.52％,未提携,accesstrade
ヒュープロ,,1067718,人材（紹介・派遣・バイト）,"会員登録:￥10,000",未提携,accesstrade
ネイティブキャンプ,,1067300,教育・資格,"無料体験レッスン:￥1,100",未提携,accesstrade
プレミアムフェイスアートBB（メンズBBクリーム）,,1066067,コスメ・ボディケア・ヘアケア,"商品購入:￥1,200",未提携,accesstrade
プレミアムアイセラムリジレス（薬用シワ改善クリーム）,,1066066,コスメ・ボディケア・ヘアケア,"商品購入:￥1,200",未提携,accesstrade
プレミアムフェイスウォッシュグランホイップ（洗顔フォーム）,,1066065,コスメ・ボディケア・ヘアケア,"商品購入:￥1,200",未提携,accesstrade
ココグルメ,,1065804,家電・日用品・インテリア,商品購入:￥840,未提携,accesstrade
ハイホーウィズゲームズ,,1065652,通信（スマホ・Wifi・光回線）,"新規開通:￥11,721 / 転用:￥4,395 / プロバイダ単体開通:￥9,890",未提携,accesstrade
Anny,,1065438,総合通販・モール,商品個別:5.86％,未提携,accesstrade
ギフトモール,,1065436,総合通販・モール,商品個別:5.49％,未提携,accesstrade
MT5　FX&CFD口座開設,,1065144,FX・証券・暗号資産,"口座開設申込日から60日以内に新規10万通貨の取引 or　CFDで10lot取引:￥9,523",未提携,accesstrade
cherimi,,1065053,ファッション・アクセサリー,商品購入:7.00％,未提携,accesstrade
Ownersbook,,1064603,その他金融,"投資家登録完了:￥7,600",未提携,accesstrade
スピークバディ,,1063755,教育・資格,アプリインストール後初回起動:￥0,未提携,accesstrade
ピュアライフ,,1063597,デリバリー・健康食品・食料品,"ウォーターサーバー設置完了:￥1,000",未提携,accesstrade
「たんぱく質が摂れる脂質調整食」〜ウェルネスダイニング〜,,1063480,デリバリー・健康食品・食料品,"商品購入（新規のみ）:￥1,900",未提携,accesstrade
Amebaマンガ,,1063274,公式月額課金,商品購入:￥100,未提携,accesstrade
年賀状・ポストカードは【イメージングゲート】,,1063072,家電・日用品・インテリア,商品購入:10.00％,未提携,accesstrade
写真プリントは【イメージングゲート】,,1063036,ネットサービス,商品購入:10.00％,未提携,accesstrade
Beeミュージックスクール,,1061971,教育・資格,"新規入会:￥7,333",未提携,accesstrade
homeal ホーミール,,1061806,デリバリー・健康食品・食料品,"商品購入:￥2,962",未提携,accesstrade
三菱UFJ eスマート証券 FX（旧：auカブコムFX）,,1061750,FX・証券・暗号資産,"口座開設:￥6,410",未提携,accesstrade
Humming Water,,1061552,デリバリー・健康食品・食料品,"ウォーターサーバー設置完了:￥5,000",未提携,accesstrade
【フレッツ光】安心と信頼の光回線,,1061525,通信（スマホ・Wifi・光回線）,"開通完了（個人/東日本、西日本）:￥14,652 / 開通完了（法人/東日本、西日本）:￥18,315",未提携,accesstrade
J:COM NET/J:COM TV,,1061104,通信（スマホ・Wifi・光回線）,"新規利用開始:￥17,948",未提携,accesstrade
ミラブルZERO,,1059599,コスメ・ボディケア・ヘアケア,"商品購入:￥10,256",未提携,accesstrade
ナッジカード,,1059300,キャッシング・ローン・クレカ,"nudge・デザイン部アクティベーション:￥998 / 学生部アクティベーション:￥3,329 / アプリインストール:￥0",未提携,accesstrade
FLOWER【Android】,,1058804,家電・日用品・インテリア,"商品購入:￥1,098",未提携,accesstrade
ITスクール【ネットビジョンアカデミー】,,1058287,教育・資格,"Web申込後の無料カウンセリングの参加:￥21,978",未提携,accesstrade
若手ハイエンド向け転職サイト『ASSIGN』,,1057788,人材（紹介・派遣・バイト）,"会員登録完了:￥2,600 / 初回スカウト返信:￥0",未提携,accesstrade
ぎゅーっとメディスパッツ,,1057554,コスメ・ボディケア・ヘアケア,"商品購入:￥3,150",未提携,accesstrade
リル ラグジュアリーシャンプー,,1056387,コスメ・ボディケア・ヘアケア,"商品購入:￥1,200",未提携,accesstrade
type IT派遣,,1054908,人材（紹介・派遣・バイト）,"会員登録後の有効確認:￥7,326 / 追加報酬用:￥14,652",未提携,accesstrade
総合探偵社クロル,,1054879,士業・探偵,"問い合わせ完了:￥15,500",未提携,accesstrade
パーフェクトボディプレミアム,,1054555,エステ・リラクゼーション,"新規予約:￥4,395",未提携,accesstrade
GMOオフィスサポート,,1054548,その他サービス,"転送ありプラン:￥9,000 / 転送なしプラン:￥5,000",未提携,accesstrade
バチェラーデート【iosアプリ】,,1054364,婚活・マッチング,"初回電話番号認証完了後、フォーム1ページ目突破:￥1,332 / インストール後初回起動:￥0 / 男性無料会員登録:￥0",未提携,accesstrade
UUBUスキンケア,,1052410,コスメ・ボディケア・ヘアケア,商品購入:21.90％,未提携,accesstrade
GLEBO（グレボ）,,1051605,家電・日用品・インテリア,"商品購入:￥1,099",未提携,accesstrade
【もえたく】ポケモンカード・遊戯王カード等などトレカ買取,,1050871,買取,買取成立:￥870,未提携,accesstrade
idare【android】,,1050600,その他金融,,未提携,accesstrade
はたらくヨロコビ,,1050322,人材（紹介・派遣・バイト）,"応募完了:￥4,395",未提携,accesstrade
オーダーメイド介護サービス　イチロウ,,1049881,その他サービス,"お問い合わせ:￥2,197",未提携,accesstrade
保育のお仕事,,1049804,人材（紹介・派遣・バイト）,"新規無料会員登録完了:￥2,461",未提携,accesstrade
idare【iOS】,,1049152,その他金融,,未提携,accesstrade
期間工.jp,,1046413,人材（紹介・派遣・バイト）,"応募完了:￥4,395",未提携,accesstrade
FLOWER【iOS】,,1045559,家電・日用品・インテリア,"商品購入:￥1,098",未提携,accesstrade
さすガねっと,,1043978,通信（スマホ・Wifi・光回線）,"開通:￥29,304",未提携,accesstrade
クラウティ,,1043598,教育・資格,"新規無料体験レッスン:￥2,000",未提携,accesstrade
家事代行のベアーズ【ハウスクリーニング】,,1042722,家事代行,"サービス完了:￥2,200",未提携,accesstrade
Rimemba,,1041365,デリバリー・健康食品・食料品,"商品個別:￥2,197",未提携,accesstrade
生協全員_プレゼントキャンペーン,,1040986,その他サービス,アンケート回答完了:￥293,未提携,accesstrade
クラウドワークス,,1040872,その他,クライアント（企業）:￥952 / ワーカー（ユーザー）:￥57 / 商品個別:￥0,未提携,accesstrade
SK本舗,,1040364,スポーツ・キャラクターグッズ,商品購入完了:3.70％,未提携,accesstrade
hape Agent,,1039818,人材（紹介・派遣・バイト）,"Webからの転職相談申し込み完了:￥1,831",未提携,accesstrade
Disney+ (ディズニープラス)<年額プラン>,,1038896,VOD,"年額プラン:￥1,948",未提携,accesstrade
Gravis,,1036687,エンタメ,"体験会参加:￥3,663",未提携,accesstrade
@nifty光,,1036323,通信（スマホ・Wifi・光回線）,"回線新規:￥8,000 / 転用:￥1,500 / 事業者変更:￥1,500",未提携,accesstrade
ゴリラクリニック,,1035608,医療脱毛・AGA,"新規来院:￥10,000",未提携,accesstrade
Pollet,,1034344,家電・日用品・インテリア,"買取申込(モノチャージ申込完了):￥1,025",未提携,accesstrade
バチェラーデート,,1033627,婚活・マッチング,"初回男性電話番号認証完了後、フォーム1ページ目突破:￥1,332 / 初回女性電話番号認証完了後、フォーム1ページ目突破:￥1,332 / 初回男性無料登録完了:￥0",未提携,accesstrade
スカイパックツアーズ,,1030841,旅行,旅行予約完了:1.46％,未提携,accesstrade
4MOON,,1029194,医療脱毛・AGA,初回インストール後の起動:￥109,未提携,accesstrade
SoftBank光(ソフトバンク光)　【エヌズカンパニー】,,1028853,通信（スマホ・Wifi・光回線）,"新規開通:￥13,000 / 他社転用:￥9,750 / 事業者変更:￥9,750",未提携,accesstrade
セキュリティーワーク,,1028257,人材（紹介・派遣・バイト）,"新規会員登録完了後、30日以内の本人確認と半年以内の転職意志の確認:￥2,197",未提携,accesstrade
ドライバーズワーク【トラック】,,1028256,人材（紹介・派遣・バイト）,"新規会員登録完了後、30日以内の本人確認と半年以内の転職意志の確認:￥1,465",未提携,accesstrade
ドライバーズワーク【タクシー】,,1028255,人材（紹介・派遣・バイト）,"新規会員登録完了後、30日以内の本人確認と半年以内の転職意志の確認:￥7,326",未提携,accesstrade
タネックス,,1028254,人材（紹介・派遣・バイト）,"新規会員登録完了後、30日以内の本人確認と半年以内の転職意志の確認:￥5,128",未提携,accesstrade
Uvoice,,1027982,その他サービス,初回インストール後のアンケート回答完了:￥225,未提携,accesstrade
トナリスク,,1026028,士業・探偵,"メール相談:￥3,663",未提携,accesstrade
不動産担保ローン　アサックス,,1025855,キャッシング・ローン・クレカ,"新規申し込み:￥10,989",未提携,accesstrade
BRAIN SLEEP STORE,,1025512,家電・日用品・インテリア,商品購入:5.00％,未提携,accesstrade
フラッグシティパートナーズ海外不動産投資セミナー,,1024206,その他金融,"海外不動産投資の成約:￥58,608",未提携,accesstrade
みんなのコイン,,1023985,FX・証券・暗号資産,"定額報酬:￥10,000",未提携,accesstrade
ココナラ［制作物発注］,,1021196,家電・日用品・インテリア,"商品個別:￥2,500",未提携,accesstrade
ココナラ［購入者募集］,,1021195,家電・日用品・インテリア,"商品個別:￥1,500",未提携,accesstrade
SHIN.薬用育毛剤,,1020730,コスメ・ボディケア・ヘアケア,"商品購入（新規のみ）:￥2,080",未提携,accesstrade
コインタックス,,1020347,士業・探偵,"成約完了:￥4,615",未提携,accesstrade
グラマラスパッツ　ヒートスリム,,1019449,コスメ・ボディケア・ヘアケア,"商品購入:￥1,831",未提携,accesstrade
プロアクティブ,,1019417,コスメ・ボディケア・ヘアケア,"商品購入:￥3,223",未提携,accesstrade
プチバトーオンラインブティック,,1017966,ファッション・アクセサリー,商品購入:6.00％,未提携,accesstrade
LPLP essence,,1017692,コスメ・ボディケア・ヘアケア,"商品個別:￥1,410",未提携,accesstrade
おうちでんき,,1017584,その他サービス,"新規WEB申込＋開通完了:￥3,500",未提携,accesstrade
DEKARON,,1017205,オンラインゲーム,無料会員登録後のGAMESTARTボタン押下:￥732,未提携,accesstrade
Disney+ (ディズニープラス)<月額プラン>,,1015962,VOD,"月額プラン:￥1,299",未提携,accesstrade
SKAGEN,,1015687,ファッション・アクセサリー,商品購入:4.76％,未提携,accesstrade
FOSSIL,,1015686,ファッション・アクセサリー,商品購入:4.76％,未提携,accesstrade
Kicca クリームシャンプー,,1014292,コスメ・ボディケア・ヘアケア,"商品購入（新規のみ）:￥2,000",未提携,accesstrade
SHIN.ボタニカルスカルプシャンプー,,1014198,コスメ・ボディケア・ヘアケア,"商品購入（新規のみ）:￥2,000",未提携,accesstrade
お住まいアンケートでAmazonギフト券プレゼント,,1014193,不動産・リフォーム,アンケート応募完了時:￥80,未提携,accesstrade
ルテイン,,1013344,デリバリー・健康食品・食料品,"モニター申込完了:￥1,391",未提携,accesstrade
ユナイテッドアローズ オンラインストア,,1011086,ファッション・アクセサリー,商品個別:1.50％,未提携,accesstrade
公式通販ダイソーネットストア,,1010577,家電・日用品・インテリア,商品購入:3.00％,未提携,accesstrade
【クリクラfeelfree】putio（プティオ）,,1007905,デリバリー・健康食品・食料品,"浄水型ウォーターサーバー本契約:￥3,500",未提携,accesstrade
GMOとくとくBB-GMO光アクセス-,,1007794,通信（スマホ・Wifi・光回線）,"新規開通:￥6,000",未提携,accesstrade
ハグラビ公式ストア,,1006421,家電・日用品・インテリア,"商品購入:￥5,185",未提携,accesstrade
ahamo,,1006031,通信（スマホ・Wifi・光回線）,"新規・MNP申し込み:￥3,000",未提携,accesstrade
ohora,,1003310,ファッション・アクセサリー,商品購入:7.30％,未提携,accesstrade
ウエストヘル,,1003061,デリバリー・健康食品・食料品,"商品購入:￥1,904",未提携,accesstrade
HanasoBiz,,1002934,教育・資格,"無料体験:￥1,300",未提携,accesstrade
hanaso kids,,1002924,教育・資格,"無料体験:￥1,300",未提携,accesstrade
hanaso,,1002868,教育・資格,"無料体験:￥1,300",未提携,accesstrade
ケノンヒーター,,1002491,家電・日用品・インテリア,"商品購入:￥12,000",未提携,accesstrade
Bloomee LIFE,,1001955,家電・日用品・インテリア,"商品購入（新規のみ）:￥1,700",未提携,accesstrade
＜きくばりごぜん＞【ニチレイフーズダイレクト】,,1001231,デリバリー・健康食品・食料品,"商品購入（新規のみ）:￥1,000",未提携,accesstrade
スーパーアルカ,,1000891,キャッシング・ローン・クレカ,"ローン申込:￥10,989",未提携,accesstrade
お仕事ラボ,,999738,人材（紹介・派遣・バイト）,"新規登録:￥41,665",未提携,accesstrade
タカラスタンダード,,998341,不動産・リフォーム,"リフォーム:￥2,600 / 新築:￥0",未提携,accesstrade
SPU スタイルアップ便,,997847,ファッション・アクセサリー,"初回申込:￥3,076",未提携,accesstrade
代々木アニメーション学院,,997837,教育・資格,"申込:￥5,860",未提携,accesstrade
BANANA LEAF,,997493,コスメ・ボディケア・ヘアケア,"商品購入（新規のみ）:￥1,465",未提携,accesstrade
ジャパンキャンピングカーレンタルセンター,,996007,旅行,"予約申込:￥1,465",未提携,accesstrade
LOHASUI,,995938,デリバリー・健康食品・食料品,"設置完了:￥20,000",未提携,accesstrade
東京ガス【基本プラン】,,995135,その他サービス,"申込完了:￥1,831",未提携,accesstrade
エンワールド　（IT、SaaS向け）,,994914,人材（紹介・派遣・バイト）,"コンサルタントとの新規面談完了:￥5,861",未提携,accesstrade
ビジネス英会話Bizmates,,994642,教育・資格,"新規無料体験レッスン受講:￥2,100",未提携,accesstrade
ウォータースタンド,,994282,デリバリー・健康食品・食料品,"新規申込（直営エリア）:￥5,000 / 新規申込（代理店エリア）:￥5,000",未提携,accesstrade
ネットオフ「ガンたく」,,993475,買取,買取申込:￥870,未提携,accesstrade
【ウズウズIT】20代向けITエンジニア特化型就職サポート,,993089,人材（紹介・派遣・バイト）,"新規無料会員登録:￥10,989",未提携,accesstrade
Mac買取ネット,,992954,買取,"新規買取成立:￥2,190",未提携,accesstrade
フィギュア買取ネット,,992894,買取,"新規買取成立:￥2,600",未提携,accesstrade
家事代行スマイルプラス,,992873,家事代行,"初回利用:￥3,663",未提携,accesstrade
cotta,,991427,デリバリー・健康食品・食料品,商品購入:￥400,未提携,accesstrade
レバテッククリエイター,,990799,人材（紹介・派遣・バイト）,"クリエイター用 無料会員登録:￥6,154",未提携,accesstrade
SAMURAI TERAKOYA,,990442,教育・資格,登録完了:￥730,未提携,accesstrade
every frecious（エブリィフレシャス）,,989556,デリバリー・健康食品・食料品,"商品個別:￥5,000",未提携,accesstrade
H2 ONEST,,989255,コスメ・ボディケア・ヘアケア,"商品購入（新規のみ）:￥4,000",未提携,accesstrade
saketaku,,989081,デリバリー・健康食品・食料品,"新規申込:￥3,663",未提携,accesstrade
【ミューノアージュ】コスメトライアルキット,,988677,コスメ・ボディケア・ヘアケア,"商品購入:￥1,200",未提携,accesstrade
プロテクトバリアリッチｃ,,988644,コスメ・ボディケア・ヘアケア,"商品購入（新規のみ）:￥2,000",未提携,accesstrade
UQ mobile,,988602,通信（スマホ・Wifi・光回線）,"MNP:￥3,450 / 機種変更:￥3,000 / 機種変更:￥3,000",未提携,accesstrade
クビレブラック,,987823,デリバリー・健康食品・食料品,"商品購入:￥1,904",未提携,accesstrade
ロバート・ウォルターズ,,987767,人材（紹介・派遣・バイト）,"WEB申込後、有効求人登録の完了:￥1,800",未提携,accesstrade
EASY B-BODY,,987744,デリバリー・健康食品・食料品,"商品購入（新規のみ）:￥1,500",未提携,accesstrade
LINEMO,,985946,通信（スマホ・Wifi・光回線）,"純新規:￥5,644 / 他社MNP:￥5,644 / ソフトバンクからの移行:￥1,149",未提携,accesstrade
松井証券FX　新規口座開設獲得プロモーション,,985645,FX・証券・暗号資産,"新規口座開設:￥13,000",未提携,accesstrade
ホワイト急便【宅配クリーニング】,,985195,家事代行,"衣類:￥1,500 / 布団:￥2,000 / 着物:￥1,500",未提携,accesstrade
ギュギュマキ,,984900,コスメ・ボディケア・ヘアケア,"商品購入:￥2,198",未提携,accesstrade
ギュギュレギンス,,984899,コスメ・ボディケア・ヘアケア,"商品購入:￥2,198",未提携,accesstrade
ギュギュブラ,,984898,コスメ・ボディケア・ヘアケア,"商品購入:￥1,832",未提携,accesstrade
ギュギュギュ,,984897,コスメ・ボディケア・ヘアケア,"商品購入:￥2,198",未提携,accesstrade
正直なクリーニング屋,,984725,家事代行,"新規獲得:￥1,831",未提携,accesstrade
Midworks,,984553,人材（紹介・派遣・バイト）,"新規登録:￥10,000",未提携,accesstrade
ぷらすWiFi,,983638,通信（スマホ・Wifi・光回線）,"ぷらすWiFi新規開通:￥2,930 / しんぷるぷらす新規開通:￥2,197",未提携,accesstrade
IIJmioひかり,,983369,通信（スマホ・Wifi・光回線）,"新規開通:￥8,400 / 事業者変更:￥4,200 / 他社転用:￥4,200",未提携,accesstrade
ベルタママリズム,,982184,デリバリー・健康食品・食料品,"商品購入:￥2,000",未提携,accesstrade
新日常英語コース 英会話セットプラン,,981583,教育・資格,"有料申込:￥1,270",未提携,accesstrade
ウズウズカレッジ　Javaコース,,981421,教育・資格,"面談完了:￥8,954",未提携,accesstrade
アウトバストリートメント,,981392,コスメ・ボディケア・ヘアケア,商品個別:10.00％,未提携,accesstrade
ヒトオシ,,979854,婚活・マッチング,会員登録（有料）:￥998,未提携,accesstrade
Cake.jp,,978211,デリバリー・健康食品・食料品,商品購入:3.00％,未提携,accesstrade
カジタク（布団クリーニング）,,976928,家事代行,"WEB注文後30日以内の入金確認:￥2,000",未提携,accesstrade
カジタク（ハウスクリーニング/エアコンクリーニング）,,976927,家事代行,"WEB注文後、30日以内の入金確認:￥2,000",未提携,accesstrade
タウンWiFi by GMO【Android】,,976723,通信（スマホ・Wifi・光回線）,アプリインストール後初回起動:￥60,未提携,accesstrade
バルクハック（BULKHUCK）,,976265,デリバリー・健康食品・食料品,商品購入（新規のみ）:￥366,未提携,accesstrade
ヒューマンリソシア,,976170,人材（紹介・派遣・バイト）,仮登録(オンライン登録):￥879 / 本登録完了:￥0,未提携,accesstrade
【コミュトレ】実践形式のビジネススクール,,974718,教育・資格,"体験会参加（オンラインorオフライン）:￥5,714 / 契約:￥28,571 / 契約（複数コース契約）:￥43,956",未提携,accesstrade
ブランドオフ「宅配買取」,,974706,買取,"着荷:￥12,000",未提携,accesstrade
クリラボ,,974666,家事代行,"集荷申込:￥2,051",未提携,accesstrade
不動産投資　プロパティエージェント,,974096,その他金融,"セミナー申込:￥10,989",未提携,accesstrade
レバウェルリハビリ,,974021,人材（紹介・派遣・バイト）,"無料会員登録:￥8,571",未提携,accesstrade
プログラミング教室N Code Labo,,973992,教育・資格,"新規無料体験授業（教室）:￥18,300",未提携,accesstrade
ビジネス英会話セットプラン,,973779,教育・資格,"有料申込:￥1,465",未提携,accesstrade
プレミアムメンズ青汁,,973248,デリバリー・健康食品・食料品,商品購入:￥675,未提携,accesstrade
CIEUX（シウー）,,972733,コスメ・ボディケア・ヘアケア,商品購入（新規のみ）:￥500,未提携,accesstrade
タウンWiFi by GMO【iOS】,,972620,通信（スマホ・Wifi・光回線）,アプリインストール後初回起動:￥60,未提携,accesstrade
Vision Lens,,972404,家電・日用品・インテリア,商品購入:6.00％,未提携,accesstrade
リスニング力を伸ばすなら「シャドテン」,,972356,教育・資格,"無料トライアル期間終了後、有料会員化:￥2,198",未提携,accesstrade
カーセブン,,971858,中古車・バイク査定,"新規査定申込:￥1,465",未提携,accesstrade
カジタク（保管付き宅配クリーニング）,,971485,家事代行,"WEB注文後30日以内の入金確認:￥2,000",未提携,accesstrade
宅配健康食やわらかダイニング,,970789,デリバリー・健康食品・食料品,"商品購入（新規のみ）:￥1,900 / 商品購入（新規のみ）:0.00％",未提携,accesstrade
Locca,,970127,デリバリー・健康食品・食料品,"設置完了:￥7,500",未提携,accesstrade
ミラブルプラス,,969931,コスメ・ボディケア・ヘアケア,"商品購入:￥6,593",未提携,accesstrade
GREEN SPOON,,969779,デリバリー・健康食品・食料品,"商品購入:￥1,831",未提携,accesstrade
イークラウド,,966734,その他金融,"新規投資家登録申請後の審査通過:￥3,995",未提携,accesstrade
VIO脱毛のプリート,,966158,エステ・リラクゼーション,"契約完了:￥21,978",未提携,accesstrade
ローランドビューティーラウンジ,,966152,エステ・リラクゼーション,"来店完了:￥9,524",未提携,accesstrade
R&Y Rental,,965659,その他Eコマース,レンタル申込:10.00％,未提携,accesstrade
SHIBORU/シボル,,963707,デリバリー・健康食品・食料品,"初回購入:￥1,904",未提携,accesstrade
スマホの結婚相談所【naco-do】,,963272,婚活・マッチング,"無料面談の予約完了:￥2,500 / 資料請求:￥625",未提携,accesstrade
[Gaba kids]こどもマンツーマン英会話,,963182,教育・資格,"有料プラン入会:￥23,443",未提携,accesstrade
Uber Eats　レストランパートナー募集,,962458,デリバリー・健康食品・食料品,"新規申込み完了:￥1,300 / 契約締結:￥6,400",未提携,accesstrade
HISモバイル,,961785,通信（スマホ・Wifi・光回線）,"国内SIM(通話付きSIM):￥1,150 / 国内SIM(通話無しSIM):￥770",未提携,accesstrade
エンワールド,,961674,人材（紹介・派遣・バイト）,"コンサルタントとの新規面談完了:￥5,861",未提携,accesstrade
デジタネ,,960959,教育・資格,"年間分割プラン申込:￥4,762 / 月々プラン申込:￥2,381 / 年間一括プラン申込:￥4,762",未提携,accesstrade
BITPOINT,,960626,FX・証券・暗号資産,"WEB申し込み:￥1,500",未提携,accesstrade
ディズニー英語システム,,958919,教育・資格,"新規無料サンプル請求:￥1,318",未提携,accesstrade
薬用リリィジュRICH,,958915,コスメ・ボディケア・ヘアケア,"商品購入（新規のみ）:￥3,000",未提携,accesstrade
きっぷる,,958811,旅行,商品購入:￥428,未提携,accesstrade
総額100万円 Amazonギフトキャンペーン,,958776,不動産・リフォーム,キャンペーン応募完了:￥80,未提携,accesstrade
Money Step,,958770,その他金融,アプリインストール後の起動:￥32,未提携,accesstrade
バスのる,,958584,旅行,予約後の乗車完了:5.10％,未提携,accesstrade
REVIETTE（リビッテ）プレミアム,,957365,コスメ・ボディケア・ヘアケア,商品購入:￥586,未提携,accesstrade
ペットの悩みQ＆A【DOQAT】,,955479,その他サービス,本会員登録:￥659,未提携,accesstrade
ドクターマーチン・エアウエア ジャパン,,954647,ファッション・アクセサリー,商品購入:3.50％,未提携,accesstrade
リナビス[布団］,,954200,家事代行,商品購入（新規のみ）:￥952,未提携,accesstrade
モイストゲルクレンジング,,954122,コスメ・ボディケア・ヘアケア,"商品購入（新規のみ）:￥1,100",未提携,accesstrade
モイストゲルプラス,,953875,コスメ・ボディケア・ヘアケア,"商品購入（新規のみ）:￥1,465",未提携,accesstrade
OCEAN(オーシャン),,953302,デリバリー・健康食品・食料品,"設置完了:￥21,978",未提携,accesstrade
三菱UFJ eスマート証券（旧：auカブコム証券）,,952022,FX・証券・暗号資産,"定額報酬:￥3,000",未提携,accesstrade
Tricore(トリコレ),,950878,コスメ・ボディケア・ヘアケア,"単品購入:￥1,300 / 2本セット:￥1,300 / 4本セット:￥2,000",未提携,accesstrade
MRB　薬用 美容液クレンジングバーム,,949124,コスメ・ボディケア・ヘアケア,"商品購入:￥1,465",未提携,accesstrade
MRB　W美白ベースメイクセット,,949120,コスメ・ボディケア・ヘアケア,"商品購入:￥1,465",未提携,accesstrade
ワタミの宅食ダイレクト,,944833,デリバリー・健康食品・食料品,"商品購入（新規のみ）:￥2,500",未提携,accesstrade
ネットオフ家電買取,,943698,買取,買取完了:￥870,未提携,accesstrade
GB 1DAY クレンズセット,,942301,デリバリー・健康食品・食料品,"縛りありオファー:￥2,930 / 縛りなしオファー:￥2,190",未提携,accesstrade
ヤマトヤクリーニング,,941025,家事代行,"クリーニング新規申し込み:￥1,810",未提携,accesstrade
わんまいる,,937109,デリバリー・健康食品・食料品,"【定期購入】旬の手作りおかずセット（健幸ディナー）1週間に1回、1週分お届けコース:￥5,000 / 【定期購入】旬の手作りおかずセット（健幸ディナー）2週間に1回、2週分お届けコース:￥5,000 / 【定期購入】健幸ディナー・トレータイプ 1週間に1回:￥5,000",未提携,accesstrade
スカイコンタクト,,935885,家電・日用品・インテリア,商品個別:6.00％,未提携,accesstrade
ベジ活スープ食,,932801,デリバリー・健康食品・食料品,"商品購入（新規のみ）:￥1,000 / 商品購入（新規のみ）:0.00％",未提携,accesstrade
オーラパールプラス,,930585,家電・日用品・インテリア,"商品購入:￥2,000",未提携,accesstrade
Lensmine,,929125,家電・日用品・インテリア,商品個別:6.00％,未提携,accesstrade
アクアクララ　子育てアクアお試しプラン,,927970,デリバリー・健康食品・食料品,"新規ウォーターサーバー設置完了:￥3,000",未提携,accesstrade
World of Tanks,,927834,オンラインゲーム,会員登録:￥730,未提携,accesstrade
スマ留,,925899,教育・資格,"カウンセリング・セミナー来館:￥3,000",未提携,accesstrade
AZUL BY MOUSSY,,925289,ファッション・アクセサリー,商品購入:5.00％,未提携,accesstrade
REVIETTE（リビッテ）,,925146,コスメ・ボディケア・ヘアケア,商品購入:￥800,未提携,accesstrade
モダンデコ,,925096,家電・日用品・インテリア,商品購入:2.00％,未提携,accesstrade
flier(フライヤー)ゴールド学割プラン,,923376,エンタメ,学割プランへの加入完了:￥470,未提携,accesstrade
ヒトサラ,,922870,デリバリー・健康食品・食料品,WEB予約完了後の来店:￥502,未提携,accesstrade
スタディサプリENGLISH 新日常英会話コース,,922869,教育・資格,"有料申込:￥1,200",未提携,accesstrade
GMOとくとくBB-auひかり-,,922727,通信（スマホ・Wifi・光回線）,商品個別:￥0,未提携,accesstrade
オーダーメイド旅行,,922714,旅行,見積書のお申込み:￥220,未提携,accesstrade
シンデレラスリープボタニカル,,922662,デリバリー・健康食品・食料品,商品購入（新規のみ）:￥300,未提携,accesstrade
CDエナジーダイレクト,,922353,その他サービス,"ベーシックでんき・ガスのみ:￥2,560 / スマートでんき:￥2,560 / ファミリーでんき:￥2,560",未提携,accesstrade
ABEMA（旧：AbemaTV）,,918988,VOD,"ABEMAプレミアム登録完了:￥1,465",未提携,accesstrade
コンタクト通販.com,,917791,家電・日用品・インテリア,商品個別:6.00％,未提携,accesstrade
薬用イビサボディスクラブ,,916671,コスメ・ボディケア・ヘアケア,"商品購入:￥2,000",未提携,accesstrade
転職会議,,916667,人材（紹介・派遣・バイト）,会員登録:￥310,未提携,accesstrade
スキー用品専門店「タナベスポーツ」,,916402,スポーツ・キャラクターグッズ,商品個別:5.00％,未提携,accesstrade
テックキャンプ （無料カウンセリング）,,914621,教育・資格,"新規カウンセリング参加:￥10,900",未提携,accesstrade
ecostore,,909857,家電・日用品・インテリア,商品個別:7.30％,未提携,accesstrade
ＶＣスターターセット ビタミンＣニキビケア１週間トライアル,,909394,コスメ・ボディケア・ヘアケア,"商品購入（新規のみ）:￥1,000",未提携,accesstrade
ウェルネスダイニング,,908755,デリバリー・健康食品・食料品,"商品購入（新規のみ）:￥1,900 / 商品購入（新規のみ）:0.00％",未提携,accesstrade
美容総合ブランド プレミアム美容家電Areti,,907278,コスメ・ボディケア・ヘアケア,商品個別:7.32％,未提携,accesstrade
スマイルゼミ,,904581,教育・資格,資料請求:￥600,未提携,accesstrade
AJP,,903859,コスメ・ボディケア・ヘアケア,商品個別:7.00％,未提携,accesstrade
eo光　【シンプルプラン含む】,,903020,通信（スマホ・Wifi・光回線）,"eo光回線開通完了:￥20,000 / シンプルプラン回線開通完了:￥20,000 / メゾンタイプ回線開通完了:￥20,000",未提携,accesstrade
J:COM MOBILE,,902869,通信（スマホ・Wifi・光回線）,"MOBILE　開通利用:￥7,810",未提携,accesstrade
クビレ バイ　ユーグレナ,,901564,デリバリー・健康食品・食料品,"商品購入:￥1,500",未提携,accesstrade
スタディサプリ　ビジネス英語コース,,900807,教育・資格,"有料申込:￥1,600",未提携,accesstrade
家事代行のベアーズ　エアコンクリーニング,,900422,家事代行,"エアコンクリーニングのサービス実施:￥3,000",未提携,accesstrade
さとふる,,900360,ふるさと納税,寄付申込完了:1.00％,未提携,accesstrade
ベルタプレリズム,,898478,デリバリー・健康食品・食料品,"商品購入:￥2,000",未提携,accesstrade
KAMIKA（カミカ）,,897999,コスメ・ボディケア・ヘアケア,"1本単品:￥1,400 / 1本定期:￥1,400 / 3本単品:￥1,400",未提携,accesstrade
美服パック,,896981,家事代行,"申込み:￥2,200",未提携,accesstrade
美靴パック,,896976,家事代行,"申込み:￥1,275",未提携,accesstrade
家事代行ベアーズ,,896416,家事代行,"初回お試し申込み:￥3,000",未提携,accesstrade
カーリースカルモくん,,895808,中古車・バイク査定,"新規審査通過（新車）:￥10,256",未提携,accesstrade
CleanLens（クリーンレンズ）,,894583,家電・日用品・インテリア,商品購入:6.00％,未提携,accesstrade
クリコム,,894528,家事代行,"申込み:￥1,318",未提携,accesstrade
オンライン英会話「レアジョブ」,,893558,教育・資格,"無料体験レッスン受講:￥1,200",未提携,accesstrade
リナビス[革・その他］,,893380,家事代行,"商品購入（新規のみ）:￥1,460",未提携,accesstrade
ソラハピ,,893324,旅行,"申込み:￥1,100",未提携,accesstrade
フェルサ,,892535,デリバリー・健康食品・食料品,"商品購入（新規のみ）:￥1,600",未提携,accesstrade
プレミアムパヒュームジーノストーリア,,889234,家電・日用品・インテリア,商品購入:￥700,未提携,accesstrade
ふるさと本舗,,888061,ふるさと納税,寄付申込完了:1.00％,未提携,accesstrade
Samurai Engineer,,887113,教育・資格,"無料カウンセリング参加完了:￥8,817",未提携,accesstrade
渋谷美容外科クリニック,,886224,医療脱毛・AGA,"新規無料カウンセリング来院:￥12,000",未提携,accesstrade
サンマリエ,,885807,婚活・マッチング,"来店予約:￥16,000 / 理想のお相手判断:￥4,000",未提携,accesstrade
クラウドバンク,,885677,その他金融,"定額報酬:￥3,000",未提携,accesstrade
美巣エキスゼリースティック,,884967,デリバリー・健康食品・食料品,"商品購入（新規のみ）:￥8,000",未提携,accesstrade
FAVORIX,,883199,エステ・リラクゼーション,"体験申込（本人確認完了）:￥5,000",未提携,accesstrade
ワードローブトリートメント,,881521,家事代行,"宅配集荷:￥4,400",未提携,accesstrade
Funds（ファンズ）,,879738,その他金融,"口座開設:￥7,000",未提携,accesstrade
コインチェック,,879503,FX・証券・暗号資産,"口座開設:￥7,000",未提携,accesstrade
ハチ110番,,877381,その他サービス,"見積り依頼成立:￥1,230 / Callaffy（電話成果:動的）:￥1,230",未提携,accesstrade
ねずみ110番,,877380,その他サービス,"見積り依頼成立:￥1,610 / Callaffy（電話成果:動的）:￥1,610",未提携,accesstrade
雨漏り修理110番,,877379,その他サービス,"見積り依頼成立:￥1,980 / Callaffy（電話成果:動的）:￥1,980",未提携,accesstrade
害獣駆除110番,,877378,その他サービス,"見積り依頼成立:￥1,980 / Callaffy（電話成果:動的）:￥1,980",未提携,accesstrade
シロアリ110番,,877322,その他サービス,"見積り依頼成立:￥3,870 / Callaffy（電話成果:動的）:￥3,870",未提携,accesstrade
Nexcy　Season,,875887,家事代行,"商品個別:￥2,565 / 保管申込:￥2,930",未提携,accesstrade
カラコン通販サイト Queen Eyes,,875585,家電・日用品・インテリア,商品個別:26.00％,未提携,accesstrade
iHerb,,875444,デリバリー・健康食品・食料品,売上報酬:3.70％,未提携,accesstrade
ノーリバンド,,874994,コスメ・ボディケア・ヘアケア,"商品購入:￥1,154",未提携,accesstrade
プレミアムアフターシェイブローション,,874758,コスメ・ボディケア・ヘアケア,商品購入:￥720,未提携,accesstrade
プレミアムスーツリセッター,,874757,家電・日用品・インテリア,商品購入:￥270,未提携,accesstrade
HMBプレミアムマッスルボディア[HMBサプリメント],,874756,デリバリー・健康食品・食料品,商品購入:￥760,未提携,accesstrade
プレミアムリムーバーグート,,874749,コスメ・ボディケア・ヘアケア,商品購入:￥410,未提携,accesstrade
プレミアムボディーソープデオラ,,874748,コスメ・ボディケア・ヘアケア,商品購入:￥550,未提携,accesstrade
ブラバンソンヌ,,874209,家電・日用品・インテリア,猫用お試し300円セット:￥450 / 犬用お試し300円セット:￥450 / 【ブラバンソンヌ】小型犬の成犬用 ドッグフード チキン 1kg:10.00％,未提携,accesstrade
資産形成アプリ『トラノコ』,,874183,FX・証券・暗号資産,"口座開設:￥1,315",未提携,accesstrade
アクアモイス,,873986,コスメ・ボディケア・ヘアケア,商品購入:￥720,未提携,accesstrade
プレミアムグローパワー,,873985,コスメ・ボディケア・ヘアケア,"商品購入:￥1,230",未提携,accesstrade
プレミアムブラックシャンプー,,873984,コスメ・ボディケア・ヘアケア,商品購入:￥720,未提携,accesstrade
FUNDINNO,,873058,その他金融,"口座開設:￥3,300",未提携,accesstrade
シェイクック,,871443,デリバリー・健康食品・食料品,"商品購入（新規のみ）:￥3,200",未提携,accesstrade
あんしん相談室‐宅配ごはん案内‐,,870313,その他サービス,資料請求・注文希望:￥880,未提携,accesstrade
ラスティーク,,869037,コスメ・ボディケア・ヘアケア,"商品個別:￥1,000 / シャンプー＆トリートメント:￥1,000 / シャンプーのみ:￥1,000",未提携,accesstrade
マイナビキャリレーション,,867456,人材（紹介・派遣・バイト）,"Webの登録申込（エントリー登録）:￥4,395",未提携,accesstrade
【Combi（コンビ）】,,866985,家電・日用品・インテリア,商品購入:3.00％,未提携,accesstrade
リコマース,,866400,買取,"買取申込み完了:￥1,465",未提携,accesstrade
[Gaba]マンツーマン英会話,,863044,教育・資格,"無料体験完了:￥8,790",未提携,accesstrade
Uber Eats　フード注文,,862886,デリバリー・健康食品・食料品,初回注文配達完了:￥700,提携却下,accesstrade
Uber Eats　配達パートナー募集,,862884,デリバリー・健康食品・食料品,"登録後、初回配達:￥7,000",未提携,accesstrade
ゲーミングプラス,,861889,通信（スマホ・Wifi・光回線）,"新規契約完了:￥5,000",未提携,accesstrade
高反発まくらモットン,,861202,家電・日用品・インテリア,商品購入:10.00％,未提携,accesstrade
高反発マットレスモットン,,860826,家電・日用品・インテリア,商品購入:10.00％,未提携,accesstrade
BIGLOBE光,,858846,通信（スマホ・Wifi・光回線）,"【1G】新規申込:￥8,520 / 【1G】転用申込:￥4,170 / 【1G】事業者変更申込:￥4,170",未提携,accesstrade
SMART USEN,,857880,ネットサービス,会員登録（有料）:￥366,未提携,accesstrade
薬用 アミノ酸シャンプー 爽快柑,,857864,コスメ・ボディケア・ヘアケア,商品購入:￥400,未提携,accesstrade
きものtotonoe,,857018,家事代行,"申込完了:￥1,611",未提携,accesstrade
リショップナビ,,848332,不動産・リフォーム,"一括見積り:￥6,500 / 一括見積り後、紹介想定リフォーム単価が10万円未満:￥2,000",未提携,accesstrade
薬用ハリモア,,847950,コスメ・ボディケア・ヘアケア,"商品購入（新規のみ）:￥3,000",未提携,accesstrade
リネット　パソコン無料回収,,847328,その他サービス,回収申込:￥350,未提携,accesstrade
flier(フライヤー) シルバープラン,,845642,エンタメ,シルバープラン加入:￥400,未提携,accesstrade
JobMedley 看護求人,,844329,人材（紹介・派遣・バイト）,"WEB登録後の2週間以内の本人確認完了:￥13,913",未提携,accesstrade
プレミンママ,,841796,デリバリー・健康食品・食料品,"商品購入:￥1,800",未提携,accesstrade
プレミン16w,,841795,デリバリー・健康食品・食料品,"商品購入:￥1,800",未提携,accesstrade
松井証券 [iDeCo],,841709,FX・証券・暗号資産,口座開設申込:￥500,未提携,accesstrade
flier(フライヤー),,840947,エンタメ,"ゴールドプラン加入:￥1,100",未提携,accesstrade
じゃらんゴルフ,,839593,その他サービス,予約後プレー完了:￥700,未提携,accesstrade
ラサーナ プレミオール 21日間 スターターセット,,839358,コスメ・ボディケア・ヘアケア,商品購入（新規のみ）:￥900,未提携,accesstrade
買取王子,,837218,買取,"買取申込完了:￥1,465",未提携,accesstrade
カシモWiMAX,,836850,通信（スマホ・Wifi・光回線）,"WEB申込後の開通完了:￥4,500",未提携,accesstrade
イビサセラムpro,,834726,コスメ・ボディケア・ヘアケア,"商品購入:￥3,750",未提携,accesstrade
立花証券「e支店」,,834725,FX・証券・暗号資産,"口座開設完了:￥2,200",未提携,accesstrade
高速インターネット NURO 光（公式）,,834668,通信（スマホ・Wifi・光回線）,"マンション1:￥7,000 / マンション2:￥7,000 / マンション3:￥7,000",未提携,accesstrade
トレイダーズ証券みんなのシストレ,,834664,FX・証券・暗号資産,"口座開設:￥10,000",未提携,accesstrade
トレイダーズ証券　みんなのＦＸ,,834663,FX・証券・暗号資産,"口座開設:￥13,043",未提携,accesstrade
リナライズ,,833973,コスメ・ボディケア・ヘアケア,"商品購入:￥1,695",未提携,accesstrade
【フジトミ証券】FX自動売買「シストレセレクト365」,,833463,FX・証券・暗号資産,"口座開設後、シストレにて5万通貨以上の新規取引:￥8,000",未提携,accesstrade
キャリアチケット就職エージェント,,826920,人材（紹介・派遣・バイト）,エージェント登録:￥974,未提携,accesstrade
JobMedley 介護求人,,826803,人材（紹介・派遣・バイト）,"WEB登録後の2週間以内の本人確認完了:￥4,812",未提携,accesstrade
JobMedley 保育求人,,826802,人材（紹介・派遣・バイト）,"WEB登録後2週間以内の本人確認完了:￥6,187",未提携,accesstrade
マネックス証券 iDeCo,,818105,FX・証券・暗号資産,"口座開設:￥1,000",未提携,accesstrade
オヤスリムプラチナイト,,818022,コスメ・ボディケア・ヘアケア,"商品購入:￥1,400",未提携,accesstrade
LIBMO,,815326,通信（スマホ・Wifi・光回線）,"データSIM:￥1,720 / 通話SIM:￥3,100 / 端末セット:￥3,810",未提携,accesstrade
リンクスメイト,,815189,通信（スマホ・Wifi・光回線）,"データ通信のみ＋端末（一括支払い）_2GB-9GB:￥1,024 / データ通信＋SMS+音声＋端末（一括）_tuwa_set_10GB-1TB:￥1,293 / データ通信＋SMS_data_100MB-1GB:￥269",未提携,accesstrade
Wifiレンタルどっとこむ,,815084,通信（スマホ・Wifi・光回線）,web申込:3.60％,未提携,accesstrade
ドクターデオドラント　パーフェクトデオドラントセット,,814148,コスメ・ボディケア・ヘアケア,"商品購入（新規のみ）:￥2,198",未提携,accesstrade
アットピースラボ,,814147,コスメ・ボディケア・ヘアケア,"商品購入（新規のみ）:￥2,198",未提携,accesstrade
DTI光,,813603,通信（スマホ・Wifi・光回線）,"開通完了:￥10,980",未提携,accesstrade
ふるさとチョイス,,813151,ふるさと納税,寄付完了　※入金完了時点※災害支援以外の納税はすべて成果対象。:2.18％,未提携,accesstrade
ふるさとプレミアム,,811703,ふるさと納税,寄付申込（定額）:￥257,未提携,accesstrade
DYM就職,,811578,人材（紹介・派遣・バイト）,"WEB申込後、60日以内のキャリアカウンセリング面談完了:￥5,120",未提携,accesstrade
KOMEHYO（コメ兵）,,810751,買取,"買取完了:￥8,000",未提携,accesstrade
GMOコイン【個人口座】,,810500,FX・証券・暗号資産,"「口座」開設完了:￥2,000",未提携,accesstrade
保育士ワーカー,,810347,人材（紹介・派遣・バイト）,"新規無料会員登録完了:￥2,590",未提携,accesstrade
QTモバイル,,810146,通信（スマホ・Wifi・光回線）,"ＷＥＢ申込み　+　購入:￥2,400",未提携,accesstrade
【公式】SEA DRESS,,809671,ファッション・アクセサリー,商品個別:2.30％,未提携,accesstrade
信濃湧水,,804657,デリバリー・健康食品・食料品,"サーバー設置完了:￥3,619",未提携,accesstrade
GLOBAL CROWN,,803729,教育・資格,"無料体験レッスン受講:￥3,000",未提携,accesstrade
IHG ホテルズ & リゾーツ,,802667,旅行,売上報酬:2.00％,未提携,accesstrade
テンプスタッフ　funtable,,802478,人材（紹介・派遣・バイト）,"WEB登録（説明会申込み）:￥2,197",未提携,accesstrade
カーネクスト,,793893,中古車・バイク査定,"無料査定依頼完了:￥3,000",未提携,accesstrade
レイチェルワイン ミネラルメイクアップ【トライアルセット】,,793848,コスメ・ボディケア・ヘアケア,商品購入（新規のみ）:￥750,未提携,accesstrade
進研ゼミ 中学講座［ベネッセ］,,791799,教育・資格,資料請求完了:￥700 / 幼　資料請求:￥770 / 小　資料請求:￥770,未提携,accesstrade
進研ゼミ 小学講座［ベネッセ］,,791798,教育・資格,資料請求完了:￥700 / 幼　資料請求:￥770 / 小　資料請求:￥770,未提携,accesstrade
ベネッセ こどもちゃれんじ［ベネッセ］,,791209,教育・資格,資料請求完了:￥700 / 幼　資料請求:￥770 / 小　資料請求:￥770,未提携,accesstrade
保育Aid,,788428,人材（紹介・派遣・バイト）,"新規会員登録:￥5,000",未提携,accesstrade
プレミン,,787894,デリバリー・健康食品・食料品,"商品購入:￥1,800",未提携,accesstrade
LABOMOスカルプアロマ ヘアカラートリートメント,,786912,コスメ・ボディケア・ヘアケア,商品個別:10.00％,未提携,accesstrade
メイキングランジェリー[マルコ(MARUKO)],,785989,エステ・リラクゼーション,"カウンセリング来店完了:￥5,000",未提携,accesstrade
BUNOiT GRACE CREAM,,785741,コスメ・ボディケア・ヘアケア,"商品購入（新規のみ）:￥2,000",未提携,accesstrade
グローバルWiFi,,783911,通信（スマホ・Wifi・光回線）,"申込み完了:￥1,200",未提携,accesstrade
第二新卒AGENTneo,,776984,人材（紹介・派遣・バイト）,会員登録:￥733,未提携,accesstrade
LABOMO,,772831,コスメ・ボディケア・ヘアケア,商品個別:10.00％,未提携,accesstrade
薬用イビサクリーム,,771652,コスメ・ボディケア・ヘアケア,"商品購入:￥1,000",未提携,accesstrade
イビサソープ,,771650,コスメ・ボディケア・ヘアケア,"商品個別:￥1,000",未提携,accesstrade
アートミクロンプラビ,,771595,コスメ・ボディケア・ヘアケア,商品個別:10.00％,未提携,accesstrade
アートミクロン,,771592,コスメ・ボディケア・ヘアケア,商品個別:10.00％,未提携,accesstrade
ユーカーパック,,771313,中古車・バイク査定,"WEB査定申込:￥952 / 売却成約:￥5,714",未提携,accesstrade
レバウェル介護（旧：きらケア）正社員紹介,,769295,人材（紹介・派遣・バイト）,"無料会員登録（正社員）:￥5,100",未提携,accesstrade
ワラウ,,767879,その他サービス,会員登録:￥77,未提携,accesstrade
ウォーターサーバー「クリクラ」,,767298,デリバリー・健康食品・食料品,"ウォーターサーバー本契約:￥3,500",未提携,accesstrade
ディープロ［プログラミング講座］,,766984,教育・資格,"入校申込完了:￥22,000",未提携,accesstrade
プロミス　レディースキャッシング,,763583,キャッシング・ローン・クレカ,"口座開設完了:￥6,000",未提携,accesstrade
プロミス　レディースキャッシング,,763166,キャッシング・ローン・クレカ,"キャッシング申込:￥4,020",未提携,accesstrade
GMOとくとくBB-ドコモ光-,,762989,通信（スマホ・Wifi・光回線）,"新規申込み完了:￥9,000 / 転用申込み完了:￥9,000 / dカードGOLD申込（利用開始）:￥4,000",未提携,accesstrade
乳首の黒ずみケア「HAKUBI」（ハクビ）,,761848,コスメ・ボディケア・ヘアケア,"商品購入:￥2,129",未提携,accesstrade
バイセル,,761701,買取,"着物買取:￥4,000 / 切手買取:￥4,500 / 古銭買取:￥4,000",未提携,accesstrade
NUROモバイル,,759111,通信（スマホ・Wifi・光回線）,"WEB申込み後、60日以内の利用開始（お試しプラン以外）:￥1,350",未提携,accesstrade
リクルートダイレクトスカウト,,758319,人材（紹介・派遣・バイト）,"レジュメ登録完了:￥4,500",未提携,accesstrade
コンブチャ クレンズ［KOMBUCHA CLEANSE］,,757245,デリバリー・健康食品・食料品,"商品購入:￥2,400",未提携,accesstrade
AGAスキンクリニック　レディース院,,755136,医療脱毛・AGA,"新規来院:￥12,454",未提携,accesstrade
じゃらんnet,,746517,旅行,商品個別:1.00％,未提携,accesstrade
エクセルコダイヤモンド,,745430,その他サービス,"WEB来店申込完了:￥5,860",未提携,accesstrade
銀座ダイヤモンドシライシ,,745341,その他サービス,"WEB来店申込完了:￥5,860",未提携,accesstrade
エン婚活エージェント,,744208,婚活・マッチング,"有料会員登録完了:￥15,000 / 資料請求:￥1,450 / 無料サービス体験:￥1,450",未提携,accesstrade
よくばりキレイの生酵素,,743280,デリバリー・健康食品・食料品,"商品購入:￥1,361",未提携,accesstrade
マンションナビ 一括査定,,739211,不動産・リフォーム,"無料一括査定申込:￥5,861",未提携,accesstrade
TSUTAYA DISCAS,,739115,VOD,定額レンタル8ダブル:￥879,未提携,accesstrade
クリックジョブ介護,,733763,人材（紹介・派遣・バイト）,"新規会員登録:￥4,540",未提携,accesstrade
WHITE VEIL(ホワイトヴェール),,733064,デリバリー・健康食品・食料品,商品購入:￥300,未提携,accesstrade
マイナビスタッフ,,732968,人材（紹介・派遣・バイト）,"Webからの登録申込（エントリー）:￥1,465",未提携,accesstrade
婚活・結婚おうえんネット,,732744,婚活・マッチング,"Callaffy（電話成果:動的）:￥3,956 / 一括資料請求:￥3,956",未提携,accesstrade
税理士ドットコム,,731920,士業・探偵,"新規お問合せ（その他個人からのお問い合わせの場合）:￥2,381 / 新規お問合せ5000円（相続のお問い合わせの場合）:￥5,000 / 新規お問合せ15000円（法人からのお問い合わせの場合）:￥15,000",未提携,accesstrade
ぽろぽろとれる杏ジェル,,731590,コスメ・ボディケア・ヘアケア,"商品購入（新規のみ）:￥1,245",未提携,accesstrade
マイナビジョブ20's,,728490,人材（紹介・派遣・バイト）,"会員登録完了:￥3,572",未提携,accesstrade
フィジカルB,,726369,デリバリー・健康食品・食料品,"商品購入（新規のみ）:￥1,000",未提携,accesstrade
ＳＴＬＡＳＳＨ,,724434,エステ・リラクゼーション,"来店:￥20,843",未提携,accesstrade
ギークリー,,722129,人材（紹介・派遣・バイト）,"ＷＥＢ登録後来社:￥14,285 / WEB登録後オンライン面談:￥5,860",未提携,accesstrade
スタディサプリ ENGLISH,,719328,教育・資格,"有料申込:￥1,455",未提携,accesstrade
ぬるグルコサミンあゆみEX＜お試し＞,,717333,デリバリー・健康食品・食料品,商品購入（新規のみ）:￥972,未提携,accesstrade
DTI SIM,,714550,通信（スマホ・Wifi・光回線）,音声すごギガ:￥950 / 音声16GB:￥900 / 音声8GB:￥900,未提携,accesstrade
AGAスキンクリニック,,709743,医療脱毛・AGA,"新規来院:￥12,454",未提携,accesstrade
COLE HAAN（コールハーン）　オンラインストア,,703468,ファッション・アクセサリー,商品個別:5.00％,未提携,accesstrade
さとふる,,702015,ふるさと納税,寄付完了:￥100,未提携,accesstrade
レバウェル看護　派遣,,701032,人材（紹介・派遣・バイト）,"無料会員登録:￥7,020",未提携,accesstrade
プレミアムウォーター,,697660,デリバリー・健康食品・食料品,"設置完了:￥8,281",未提携,accesstrade
リファスタ,,695340,買取,"宅配買取申込:￥1,099 / 見積り:￥550",未提携,accesstrade
ur's,,694024,ファッション・アクセサリー,商品個別:2.30％,未提携,accesstrade
Design with Tea Salon,,693160,デリバリー・健康食品・食料品,商品購入:7.32％,未提携,accesstrade
Lenszero,,689882,家電・日用品・インテリア,商品個別:6.00％,未提携,accesstrade
ブックサプライ,,688227,買取,"宅配買取申込完了:￥1,465",未提携,accesstrade
キレイサローネ,,687682,エステ・リラクゼーション,"初回来店:￥7,692",未提携,accesstrade
治験ボランティア［（JCVN）ぜんそく］,,684205,その他サービス,"モニター募集:￥1,025",未提携,accesstrade
岩井コスモ証券,,683969,FX・証券・暗号資産,"口座開設申込:￥1,758",未提携,accesstrade
Nexcy(ネクシー),,683777,家事代行,"集荷申込:￥1,000",未提携,accesstrade
ママニック葉酸サプリ,,682693,デリバリー・健康食品・食料品,"商品購入（新規のみ）:￥2,197",未提携,accesstrade
メンズリゼ,,682410,医療脱毛・AGA,"来院:￥8,430",未提携,accesstrade
リゼクリニック,,682382,医療脱毛・AGA,"来院:￥7,500",未提携,accesstrade
ディオーネ(Dione)　キッズ脱毛,,680900,エステ・リラクゼーション,"来店後、体験完了（子ども）:￥7,000",未提携,accesstrade
IIJmio(アイアイジェイミオ),,674455,通信（スマホ・Wifi・光回線）,"ギガプラン データSIMのみ:￥1,260 / ギガプラン 音声SIMのみ_新規:￥1,680 / ギガプラン 音声SIMのみ_MNP:￥2,100",未提携,accesstrade
【AT独占】mineo（マイネオ）,,672320,通信（スマホ・Wifi・光回線）,"マイそくスタンダード_デュアル_SIMのみ:￥4,200 / マイそくスタンダード_デュアル_端末あり:￥4,200",未提携,accesstrade
すっぽん物語,,670532,デリバリー・健康食品・食料品,単品:￥512 / 定期:￥768,未提携,accesstrade
リナビス[衣類］,,669560,家事代行,"商品購入（新規のみ）:￥1,200",未提携,accesstrade
リーデルオンラインショップ,,669489,家電・日用品・インテリア,商品個別:14.00％,未提携,accesstrade
ふるなび,,664036,ふるさと納税,【寄付申込完了】エリア共通:1.10％,未提携,accesstrade
せんたく便,,663188,家事代行,"商品購入（新規のみ）:￥1,150",未提携,accesstrade
ブロードワイマックス,,662365,通信（スマホ・Wifi・光回線）,"WiMAX申込後開通:￥5,000",未提携,accesstrade
USAGI ONLINE （ウサギオンライン）公式通販,,655029,ファッション・アクセサリー,商品個別:2.00％,未提携,accesstrade
EPOS（エポス）カード,,654368,キャッシング・ローン・クレカ,"カード発行:￥2,858",未提携,accesstrade
レンズアップル,,645923,家電・日用品・インテリア,商品購入（新規のみ）:￥500,未提携,accesstrade
オンライン麻雀 Maru-Jan,,641015,オンラインゲーム,会員登録（無料）:￥95,未提携,accesstrade
レンズファイン,,632695,家電・日用品・インテリア,商品購入:6.00％,未提携,accesstrade
U-MAシャンプー,,628788,コスメ・ボディケア・ヘアケア,"商品個別:￥1,000",未提携,accesstrade
レバテックフリーランス,,626164,人材（紹介・派遣・バイト）,"無料会員登録:￥8,000",未提携,accesstrade
ランスタッド　転職支援,,622566,人材（紹介・派遣・バイト）,"会員登録（ハイキャリア）:￥4,029",未提携,accesstrade
ザイFX！投資戦略メルマガ＋ダイヤモンドプレミアムメルマガ,,621120,FX・証券・暗号資産,"バカラ村のFXトレード日報！:￥2,650",未提携,accesstrade
ディオーネ(Dione)　VIO脱毛,,619774,エステ・リラクゼーション,"来店後、体験完了(VIO):￥7,000",未提携,accesstrade
ディオーネ(Dione)　顔丸ごと脱毛,,619771,エステ・リラクゼーション,"来店後、体験完了(顔):￥7,000",未提携,accesstrade
ディオーネ(Dione)　全身脱毛,,619721,エステ・リラクゼーション,"来店後、体験完了(全身):￥10,000",未提携,accesstrade
介護専門求人サイト〜かいご畑〜,,619133,人材（紹介・派遣・バイト）,"WEB応募完了:￥5,714",未提携,accesstrade
保育専門求人サイト〜ほいく畑〜,,619132,人材（紹介・派遣・バイト）,"WEB応募完了:￥4,761",未提携,accesstrade
「紀州梅の里なかた」オンラインショップ,,617549,デリバリー・健康食品・食料品,商品個別:8.79％,未提携,accesstrade
hobbystock (ホビーストック),,610324,スポーツ・キャラクターグッズ,商品購入（仕入商品）:1.00％ / 商品購入:6.00％,未提携,accesstrade
アンミオイル (お試し）,,608991,コスメ・ボディケア・ヘアケア,"商品購入（新規のみ）:￥1,067",未提携,accesstrade
ケイリノハケンナラジャスネットスタッフ,,608917,人材（紹介・派遣・バイト）,"会員登録:￥4,396",未提携,accesstrade
ジャスネットキャリア,,608660,人材（紹介・派遣・バイト）,"会員登録:￥8,792",未提携,accesstrade
トレトク,,608648,買取,"宅配買取成立（ＭＴＧ）:￥2,000 / 宅配買取成立:￥1,500",未提携,accesstrade
レトログ　宅配ゲーム買取,,608644,買取,"宅配買取成立:￥2,000",未提携,accesstrade
新日本地所　不動産投資アンケート回収,,606531,不動産・リフォーム,アンケート応募:￥385,未提携,accesstrade
リクルートドクターズキャリア,,603383,人材（紹介・派遣・バイト）,"転職支援登録（常勤登録）:￥14,286 / アルバイト登録（非常勤登録）:￥6,667",未提携,accesstrade
新日本地所　不動産投資面談,,603238,不動産・リフォーム,"無料面談完了:￥10,700",未提携,accesstrade
心に残る家族葬,,602296,その他サービス,資料請求:￥953,未提携,accesstrade
ちょっパヤ！ネット,,599093,通信（スマホ・Wifi・光回線）,"新規契約完了:￥2,000",未提携,accesstrade
パーソルクロステクノロジー,,597961,人材（紹介・派遣・バイト）,"プロフィール登録完了:￥15,000",未提携,accesstrade
大人の英会話倶楽部,,597319,教育・資格,有料コース新規申し込み:30.00％,未提携,accesstrade
mikihouse,,596385,教育・資格,"資料請求:￥1,100",未提携,accesstrade
ドラキッズ,,596384,教育・資格,"資料請求:￥1,100",未提携,accesstrade
リクナビネクスト,,595728,人材（紹介・派遣・バイト）,"新規会員登録後の職務経歴書登録完了:￥1,620",未提携,accesstrade
リクルートエージェント,,595724,人材（紹介・派遣・バイト）,"転職支援サービス申込完了:￥2,000",未提携,accesstrade
ベビーパーク,,595312,教育・資格,"体験申込完了:￥4,396",未提携,accesstrade
はたの法務事務所[債務整理],,594451,士業・探偵,"チャット問い合わせ完了:￥11,000 / メール相談:￥11,000 / Callaffy（電話成果:動的）:￥11,000",未提携,accesstrade
立花証券　ストックハウス,,591656,FX・証券・暗号資産,"口座開設完了:￥3,662",未提携,accesstrade
治験ボランティア［（JCVN）メタボ・中性脂肪/脂質異常症］,,587724,その他サービス,"モニター登録:￥1,025",未提携,accesstrade
Ｗヘアアプローチプログラム,,586274,コスメ・ボディケア・ヘアケア,"商品購入:￥1,465",未提携,accesstrade
GMOクリック証券　外為オプション,,582433,FX・証券・暗号資産,"FX口座開設完了:￥10,000",未提携,accesstrade
BB.exciteモバイル,,579296,通信（スマホ・Wifi・光回線）,"SIMのみ:￥770 / Flatプラン(定額制) SIMのみ:￥2,250 / Fitプラン(段階制) SIMのみ:￥1,181",未提携,accesstrade
レンズネット,,577354,家電・日用品・インテリア,商品購入:6.00％,未提携,accesstrade
マインドガードＤＸお試しセット,,576203,デリバリー・健康食品・食料品,"商品購入:￥2,858",未提携,accesstrade
Tika-ティカ-,,575793,ファッション・アクセサリー,商品個別:7.31％,未提携,accesstrade
ラグナロクオンライン,,566809,オンラインゲーム,会員登録（無料）:￥156,未提携,accesstrade
アクアクララ無料お試しプラン,,565600,デリバリー・健康食品・食料品,"無料お試し設置完了:￥1,905",未提携,accesstrade
生協の宅配パルシステム　【お試しセット】,,564755,デリバリー・健康食品・食料品,商品購入:￥925,未提携,accesstrade
LOOK@E-SHOP(ルック アット イーショップ),,562776,ファッション・アクセサリー,商品個別:5.72％,未提携,accesstrade
RYUYU,,560406,ファッション・アクセサリー,商品購入:11.52％,未提携,accesstrade
ベルタ葉酸サプリ,,560201,デリバリー・健康食品・食料品,"商品購入:￥2,000",未提携,accesstrade
BITTER OFFICIAL WEB STORE,,560076,ファッション・アクセサリー,商品個別:7.62％,未提携,accesstrade
爽快 なたまめ歯磨き粉,,557425,家電・日用品・インテリア,お試しセット:18.40％ / お試しセット:18.40％ / 商品個別:0.00％,未提携,accesstrade
ファルマスタッフ,,555193,人材（紹介・派遣・バイト）,"会員登録（無料）:￥65,000",未提携,accesstrade
LENSFREE（レンズフリー）,,555176,家電・日用品・インテリア,商品購入:6.00％,未提携,accesstrade
幻想神域,,554006,オンラインゲーム,会員登録（無料）:￥110 / ゲーム登録:￥110,未提携,accesstrade
MichellMacaron【ミシェルマカロン】,,553399,ファッション・アクセサリー,商品購入:7.62％ / 商品個別:7.62％,未提携,accesstrade
ハタラクティブ,,551097,人材（紹介・派遣・バイト）,"無料会員登録:￥2,858",未提携,accesstrade
かもめインターネット,,549182,通信（スマホ・Wifi・光回線）,"新規契約完了:￥5,000",未提携,accesstrade
アビタス　USCPA／米国公認会計士資格,,548908,教育・資格,"新規セミナー申込み:￥9,523 / 資料請求:￥3,663",未提携,accesstrade
ワンウェイウォーター,,548253,デリバリー・健康食品・食料品,"ウォーターサーバー設置完了:￥2,858",未提携,accesstrade
シンリーボーテ【うるおいクレンジング泡ジェル】,,547731,コスメ・ボディケア・ヘアケア,"商品購入（新規のみ）:￥1,500",未提携,accesstrade
フィオライズ,,544741,コスメ・ボディケア・ヘアケア,商品個別:21.72％,未提携,accesstrade
HAL探偵社,,544729,士業・探偵,"無料相談申込:￥11,001 / Callaffy（電話成果:動的）:￥15,652 / Callaffy（電話成果:固定）:￥15,652",未提携,accesstrade
医療法人社団カルミア美肌クリニック,,544502,医療脱毛・AGA,"web申込後の来店:￥10,000",未提携,accesstrade
ゼクシィ,,542072,婚活・マッチング,"式場予約:￥1,905",未提携,accesstrade
レバテック キャリア,,541094,人材（紹介・派遣・バイト）,"無料会員登録:￥9,524",未提携,accesstrade
SORIENO,,538294,スポーツ・キャラクターグッズ,商品個別:19.05％ / オーダーブレス（ゴールド×アクア）:19.05％ / オーダーブレス（ゴールド スワロなし）:19.05％,未提携,accesstrade
リクルートカード,,534807,キャッシング・ローン・クレカ,"カード発行:￥1,100",未提携,accesstrade
JAF,,530281,中古車・バイク査定,入会:￥667,未提携,accesstrade
リコメン堂,,527738,家電・日用品・インテリア,商品個別:2.86％,未提携,accesstrade
Shoplist,,527014,ファッション・アクセサリー,商品個別:5.00％,未提携,accesstrade
ポップインサイト,,523845,その他サービス,チュートリアル完了:￥381,未提携,accesstrade
スーパースポーツゼビオ,,523226,スポーツ・キャラクターグッズ,商品購入:5.72％,未提携,accesstrade
エルブレス,,523216,スポーツ・キャラクターグッズ,商品購入:2.93％,未提携,accesstrade
ヴィクトリアゴルフ,,523030,スポーツ・キャラクターグッズ,商品購入:6.75％,未提携,accesstrade
湘南コンタクトレンズ,,522223,家電・日用品・インテリア,商品個別:2.20％,未提携,accesstrade
ラサーナ (La Sana) アロマ、ディフューザー、オイル,,519638,家電・日用品・インテリア,商品購入:14.29％,未提携,accesstrade
格安航空券センター,,518880,旅行,チケット購入:￥788,未提携,accesstrade
ベルタ酵素ドリンク,,510437,デリバリー・健康食品・食料品,"商品購入:￥1,000",未提携,accesstrade
ネットオフ,,505682,買取,商品購入:0.46％,未提携,accesstrade
ネットオフ　本、CD、ゲーム、DVD買取,,505676,買取,買取完了:￥400,未提携,accesstrade
MoreContact（モアコンタクト）,,504992,家電・日用品・インテリア,商品個別:38.10％,未提携,accesstrade
777タウン.net,,503536,オンラインゲーム,会員登録（無料）:￥74,未提携,accesstrade
アース司法書士事務所,,503312,士業・探偵,"無料相談申込（本人確認）:￥12,381",未提携,accesstrade
シェーン英会話,,502267,教育・資格,"無料体験レッスン申し込み:￥2,000",未提携,accesstrade
コレクポ,,493603,エンタメ,会員登録（無料）:￥58,未提携,accesstrade
開祖★0学占星術,,492551,公式月額課金,会員登録（有料）:￥381,未提携,accesstrade
365誕生日大占術,,492550,公式月額課金,会員登録（有料）:￥381,未提携,accesstrade
宿命と予言,,492543,公式月額課金,会員登録（有料）:￥381,未提携,accesstrade
辛口鑑定◆小倉の母,,492541,公式月額課金,会員登録（有料）:￥381,未提携,accesstrade
星読み,,492517,公式月額課金,会員登録（有料）:￥381,未提携,accesstrade
時計買取ピアゾ,,492473,買取,"買取確定:￥2,381",未提携,accesstrade
ネットスクール,,482898,教育・資格,商品個別:4.77％,未提携,accesstrade
「ネットオフ」ブランド＆総合買取コース　［指輪・貴金属］,,481835,買取,貴金属買取:￥870,未提携,accesstrade
B-GALLERY,,471990,ファッション・アクセサリー,商品個別:9.53％,未提携,accesstrade
ピュアハワイアンウォーター,,470640,デリバリー・健康食品・食料品,"設置完了:￥3,619",未提携,accesstrade
エム・アール・エフ（MRF）,,469580,その他金融,"ローン申込:￥5,143",未提携,accesstrade
パートナーエージェント　OTOCON,,465278,婚活・マッチング,"パーティー参加:￥1,000",未提携,accesstrade
激カワおもしろデコ,,465144,公式月額課金,会員登録（有料）:￥237,未提携,accesstrade
ワールドトーク,,463642,教育・資格,体験レッスン受講:￥733,未提携,accesstrade
京都宇治の老舗抹茶スイーツ 【伊藤久右衛門】,,463641,デリバリー・健康食品・食料品,商品個別:4.77％,未提携,accesstrade
天然熟成野草酵素,,461015,デリバリー・健康食品・食料品,"商品購入（新規のみ）:￥4,160",未提携,accesstrade
インズウェブバイク保険,,460481,損害保険・生命保険,見積り:￥362,未提携,accesstrade
クリアコンタクト,,458505,家電・日用品・インテリア,商品個別:3.66％,未提携,accesstrade
「ネットオフ」ブランド＆総合買取コース　スマートフォン買取,,458492,買取,スマホ買取:￥870,未提携,accesstrade
洗濯補助洗浄剤＜魔女っ粉＞【みつばちロード】,,457940,家電・日用品・インテリア,魔女っ粉（1780円お試し）:18.40％ / 商品個別:0.00％,未提携,accesstrade
伝承ローヤルゼリー【みつばちロード】,,457939,デリバリー・健康食品・食料品,ローヤルゼリー（4980円お試し）:18.40％ / ローヤルゼリー（1150円お試し）:0.00％ / 商品個別:0.00％,未提携,accesstrade
柿渋石鹸＜男のたしなみ＞【みつばちロード】,,457687,家電・日用品・インテリア,柿渋石鹸お試し:18.40％ / 商品個別:￥0,未提携,accesstrade
e点ネット塾,,457236,教育・資格,"小学生:￥1,429 / 中学生:￥1,905 / 高校生:￥2,381",未提携,accesstrade
「琉白」トライアルセット,,455125,コスメ・ボディケア・ヘアケア,"商品購入:￥1,392",未提携,accesstrade
治験ボランティア［（JCVN）高齢健常者　60歳以上］,,453651,その他サービス,Web登録完了:￥147,未提携,accesstrade
糖尿・高血圧治験ボランティア,,451662,その他サービス,Web登録完了:￥220,未提携,accesstrade
MU-TON着信音,,450918,公式月額課金,会員登録（有料）:￥415,未提携,accesstrade
レバウェル看護,,448422,人材（紹介・派遣・バイト）,"無料会員登録:￥15,000",未提携,accesstrade
治験ボランティア［（JCVN）ニキビ］,,446680,その他サービス,"モニター応募:￥1,025",未提携,accesstrade
子供服の通販 devirock,,446475,ファッション・アクセサリー,商品個別:9.53％,未提携,accesstrade
島田秀平･手相,,446109,公式月額課金,会員登録（有料）:￥343,未提携,accesstrade
奈良の霊能者･法瀧,,446100,公式月額課金,会員登録（有料）:￥343,未提携,accesstrade
風水芸人◆出雲阿国,,446097,公式月額課金,会員登録（有料）:￥238,未提携,accesstrade
奇跡鑑定◆沖縄の父,,446089,公式月額課金,会員登録（有料）:￥238,未提携,accesstrade
奇跡鑑定◆沖縄の父,,446088,公式月額課金,会員登録（有料）:￥343,未提携,accesstrade
濱口善幸のタロット占い,,446081,公式月額課金,会員登録（有料）:￥238,未提携,accesstrade
奇跡の力◆上地一美,,446076,公式月額課金,会員登録（有料）:￥343,未提携,accesstrade
治験ボランティア(JCVN),,444759,その他サービス,モニター応募:￥440,未提携,accesstrade
ドクターレンズ,,439773,家電・日用品・インテリア,商品購入:4.77％,未提携,accesstrade
アットネット,,439772,家電・日用品・インテリア,商品個別:4.77％,未提携,accesstrade
Hulu,,437639,VOD,"提携ランク5:￥2,240",提携中,accesstrade
ナチュラルセレクトショップ「コスメキッチン」,,435170,コスメ・ボディケア・ヘアケア,商品個別:3.85％,未提携,accesstrade
titivate,,429797,ファッション・アクセサリー,商品個別:2.30％,未提携,accesstrade
BIGLOBE WiMAX +5G,,429039,通信（スマホ・Wifi・光回線）,"WiMAX +5G 新規申し込み端末セット:￥6,205",未提携,accesstrade
「赤い風船」　日本旅行,,427369,旅行,国内・海外予約:1.83％,未提携,accesstrade
アットスタイル.COM,,427317,家電・日用品・インテリア,商品個別:7.62％,未提携,accesstrade
ARCADE公式通販,,427316,ファッション・アクセサリー,商品個別:9.53％,未提携,accesstrade
テンプスタッフ,,427184,人材（紹介・派遣・バイト）,来社予約:￥732,未提携,accesstrade
飛騨の酒　山車 [原田酒造場],,422754,デリバリー・健康食品・食料品,商品個別:9.53％,未提携,accesstrade
FXTF,,419824,FX・証券・暗号資産,"口座開設申込:￥10,000",未提携,accesstrade
[ネットオフ] フィギュア買取「もえたく！」,,418987,買取,"宅配買取（フィギュア）:￥1,364",未提携,accesstrade
かにまみれ,,418810,デリバリー・健康食品・食料品,商品購入（新規のみ）:7.62％,未提携,accesstrade
Rady,,413645,ファッション・アクセサリー,商品購入:6.67％ / 商品個別:6.67％,未提携,accesstrade
24レンズ,,413474,家電・日用品・インテリア,商品購入:6.00％,未提携,accesstrade
ゴルフエース（GOLF ACE）,,411078,買取,買取見積:￥960,未提携,accesstrade
レンズオン,,410535,家電・日用品・インテリア,商品購入:6.00％,未提携,accesstrade
かに本舗 [スカイネット],,410242,デリバリー・健康食品・食料品,商品個別:8.00％ / プレミアム超特大９Ｌ生たらば半むき身満足セット1.8kg超:8.00％ / プレミアム超特大９Ｌボイルたらば半むき身満足セット1.8kg超:8.00％,未提携,accesstrade
SILVER BULLET,,410240,ファッション・アクセサリー,商品個別:7.62％,未提携,accesstrade
コスモウォーター,,406330,デリバリー・健康食品・食料品,"商品購入:￥4,286",未提携,accesstrade
レンズアップ,,404818,家電・日用品・インテリア,商品購入:6.00％,未提携,accesstrade
エア・リゾーム インテリア本店,,401009,家電・日用品・インテリア,商品個別:2.86％,未提携,accesstrade
AFC（エーエフシー）葉酸サプリ,,400420,デリバリー・健康食品・食料品,"葉酸:￥2,500",未提携,accesstrade
RUNWAY channel,,399631,ファッション・アクセサリー,商品個別:2.00％,未提携,accesstrade
フレシャス,,398615,デリバリー・健康食品・食料品,"商品個別:￥5,000",未提携,accesstrade
ドクターキャスト［Doctor Cast 医師登録］,,396337,人材（紹介・派遣・バイト）,"会員登録（無料）:￥43,950 / 無料会員登録（非常勤）:￥21,975",未提携,accesstrade
グリエネ,,395325,その他サービス,"一括見積り:￥4,762",未提携,accesstrade
レンズアップル,,392774,家電・日用品・インテリア,商品個別:6.00％,未提携,accesstrade
リジー,,392124,スポーツ・キャラクターグッズ,商品購入:4.63％,未提携,accesstrade
マイナチュレ,,390489,コスメ・ボディケア・ヘアケア,"商品購入（新規のみ）:￥2,000",未提携,accesstrade
フェアウェイゴルフインク,,387471,スポーツ・キャラクターグッズ,商品購入:3.81％,未提携,accesstrade
セコムホームセキュリティ,,384643,不動産・リフォーム,"資料請求:￥2,000",未提携,accesstrade
美爽煌茶（ビソウコウチャ）,,383285,デリバリー・健康食品・食料品,"商品購入:￥2,117",未提携,accesstrade
ダイエットシェイク,,380157,デリバリー・健康食品・食料品,"商品購入（新規のみ）:￥6,400",未提携,accesstrade
FXブロードネット(くりっく３６５）,,376287,FX・証券・暗号資産,"口座開設:￥1,429",未提携,accesstrade
えんためねっと,,375031,エンタメ,会員登録（無料）:￥59,未提携,accesstrade
誠心（SEISHIN）,,374768,婚活・マッチング,"資料請求:￥7,325 / 来社予約:￥10,985",未提携,accesstrade
GMOくまポン,,374088,エンタメ,クーポン購入:2.86％,未提携,accesstrade
【JTB】国内旅行,,373080,旅行,商品個別:1.53％,未提携,accesstrade
神戸レタス,,372275,ファッション・アクセサリー,商品個別:4.70％,未提携,accesstrade
さかのネット通販,,369565,デリバリー・健康食品・食料品,商品個別:9.53％,未提携,accesstrade
バンビーナ,,367348,家電・日用品・インテリア,"商品個別:￥1,905",未提携,accesstrade
宅麺,,365824,デリバリー・健康食品・食料品,商品購入:2.86％,未提携,accesstrade
ペリカン石鹸,,365026,コスメ・ボディケア・ヘアケア,商品購入:10.00％,未提携,accesstrade
ローヤルゼリー48クオリティ,,362952,デリバリー・健康食品・食料品,,未提携,accesstrade
野球ギア.JP,,361738,スポーツ・キャラクターグッズ,"提携ランク5:1.91％ / 商品個別:￥2,191 / 硬式オーダーグラブ:￥2,191",提携中,accesstrade
パートナーエージェントEQ診断テスト,,358467,婚活・マッチング,資料請求:￥538,未提携,accesstrade
生涯学習のユーキャン,,356000,教育・資格,"講座購入（定額）:￥4,545",未提携,accesstrade
ジェイエステティック,,353981,エステ・リラクゼーション,"予約:￥4,000",未提携,accesstrade
GMOクリック証券ＣＦＤ,,353518,FX・証券・暗号資産,"口座開設:￥9,524",未提携,accesstrade
マキアレイベル　薬用クリアエステヴェール,,350089,コスメ・ボディケア・ヘアケア,"商品個別:￥2,000",未提携,accesstrade
マネックス証券,,349213,FX・証券・暗号資産,"口座開設申込:￥3,000",未提携,accesstrade
アイネットFX,,345103,FX・証券・暗号資産,"ループイフダン口座開設:￥7,619 / 口座開設:￥7,619",未提携,accesstrade
トーカ堂テレビショッピング,,344100,総合通販・モール,商品個別:2.86％,未提携,accesstrade
BrushUP学び,,342185,教育・資格,一括資料請求:￥734,未提携,accesstrade
岡三オンライン【くりっく株365】,,339896,FX・証券・暗号資産,資料請求:￥953,未提携,accesstrade
vivid golf,,333053,スポーツ・キャラクターグッズ,商品個別:2.80％,未提携,accesstrade
脱毛器 ケノン（ke-non）,,331858,コスメ・ボディケア・ヘアケア,"ケノン:￥12,000 / 商品個別:￥0",未提携,accesstrade
DMM CFD,,331586,FX・証券・暗号資産,"入金（5万円以上）＋1回取引:￥13,524",未提携,accesstrade
投資信託「ひふみ」,,329571,FX・証券・暗号資産,"口座開設:￥1,334",未提携,accesstrade
バンビーナ,,327951,家電・日用品・インテリア,商品個別:19.05％,未提携,accesstrade
ムービック [アニメイト],,324763,スポーツ・キャラクターグッズ,商品個別:1.91％,未提携,accesstrade
★SPUTNICKS★（スプートニクス）,,323482,ファッション・アクセサリー,商品個別:16.19％,未提携,accesstrade
ニコットタウン,,319664,オンラインゲーム,会員登録（無料）:￥96,未提携,accesstrade
Brandear（ブランディア）,,317329,買取,"宅配査定申込:￥1,000",未提携,accesstrade
B-lens,,315441,家電・日用品・インテリア,商品購入:6.00％,未提携,accesstrade
メンズエステ MEN'S TBC,,304146,エステ・リラクゼーション,"フェイシャル:￥8,440 / 痩身:￥8,440 / カラダ脱毛:￥8,440",未提携,accesstrade
エステティックTBC,,304145,エステ・リラクゼーション,"スーパー脱毛:￥6,420 / フェイシャル:￥4,490 / 痩身:￥4,490",未提携,accesstrade
SBIネオトレード証券（旧：ライブスター証券）,,303045,FX・証券・暗号資産,資料請求:￥477,未提携,accesstrade
ＢｅｓｔＬｅｎｓ,,298249,家電・日用品・インテリア,商品購入:6.00％,未提携,accesstrade
JAC Recruitment,,290807,人材（紹介・派遣・バイト）,"WEB申し込み後、有効求人登録（J登録）完了:￥11,721",未提携,accesstrade
D style web,,287759,その他サービス,会員登録（無料）:￥147,未提携,accesstrade
小田急ポイントカード,,285368,キャッシング・ローン・クレカ,"カード発券（UFJ）:￥2,381 / カード申込（ＪＣＢ）:￥2,381",未提携,accesstrade
JFXMATRIX TRADER,,280700,FX・証券・暗号資産,"口座開設後取引:￥7,619",未提携,accesstrade
ウォーターサーバー「クリクラ」,,263386,デリバリー・健康食品・食料品,"無料設置申込み:￥1,905",未提携,accesstrade
原一探偵事務所,,262300,士業・探偵,"調査依頼申込:￥10,000",未提携,accesstrade
快適生活オンライン,,257532,総合通販・モール,商品個別:4.77％,未提携,accesstrade
アクアクララ,,248280,デリバリー・健康食品・食料品,"新規ウォーターサーバー設置:￥4,000",未提携,accesstrade
glens(グッドレンズ),,248279,家電・日用品・インテリア,商品購入:6.00％,未提携,accesstrade
アルピナ,,243383,デリバリー・健康食品・食料品,"サーバー設置完了:￥3,619",未提携,accesstrade
【MDC】ミスパリ ダイエットセンター,,243003,エステ・リラクゼーション,"来店:￥8,300",未提携,accesstrade
i LUMINE（アイルミネ）,,240309,ファッション・アクセサリー,商品個別:1.91％,未提携,accesstrade
【フジトミ証券】オンライン商品先物取引「FITS」,,237787,FX・証券・暗号資産,"口座開設申込:￥1,429 / 口座開設入金完了:￥0",未提携,accesstrade
【プレミアムウォーター】amadanaウォーターサーバー,,236116,デリバリー・健康食品・食料品,"商品購入（新規のみ）:￥8,281",未提携,accesstrade
漫画★全巻ドットコム,,228300,スポーツ・キャラクターグッズ,商品個別:4.77％,未提携,accesstrade
シゴトin,,204017,人材（紹介・派遣・バイト）,"バイト/業務委託/その他（分類1）:￥900 / バイト/業務委託/その他（分類2）:￥1,700 / 派遣/紹介予定派遣/契約社員（分類1）:￥900",未提携,accesstrade
アネット,,198079,婚活・マッチング,"ご契約:￥4,762 / 見積り:￥477",未提携,accesstrade
URBAN RESEARCH ONLINE STORE,,195368,ファッション・アクセサリー,商品個別:1.80％,未提携,accesstrade
バスぷらざ,,186041,旅行,高速バス予約（定率）:1.90％,未提携,accesstrade
Oisix,,180397,デリバリー・健康食品・食料品,商品購入:￥953,未提携,accesstrade
LAVA,,179891,エステ・リラクゼーション,"ＬＡＶＡ　来店:￥7,326",未提携,accesstrade
カーセンサー[車買取],,179815,中古車・バイク査定,"無料査定依頼完了:￥2,000",未提携,accesstrade
マツキヨココカラオンラインストア,,165761,デリバリー・健康食品・食料品,商品個別:3.67％,未提携,accesstrade
マイクロダイエット　サニーヘルス,,146115,デリバリー・健康食品・食料品,商品購入:28.58％,未提携,accesstrade
資格の大原 専門課程,,142596,教育・資格,資料請求:￥953,未提携,accesstrade
ALSOK（アルソック）ホームセキュリティ,,140360,その他サービス,"資料請求:￥2,500",未提携,accesstrade
バイクランド,,132701,中古車・バイク査定,"オンライン査定後出張査定完了:￥3,000",未提携,accesstrade
スリムビューティハウス,,131238,エステ・リラクゼーション,"来店後体験コース完了:￥8,000",未提携,accesstrade
トラミー,,128502,エンタメ,会員登録（無料）:￥793,未提携,accesstrade
777タウン.net,,119448,オンラインゲーム,【PC】会員登録（有料）:￥696,未提携,accesstrade
保険マンモス,,107741,損害保険・生命保険,"定額報酬:￥10,000",未提携,accesstrade
パートナーエージェント,,79879,婚活・マッチング,"資料請求:￥732 / 入会:￥15,000",未提携,accesstrade
エンジェル,,74196,婚活・マッチング,"入会申込:￥2,381",未提携,accesstrade
GMOクリック証券【FXネオ】,,73446,FX・証券・暗号資産,"FX口座開設完了:￥10,500",未提携,accesstrade
HIROSE-FX,,69980,FX・証券・暗号資産,"口座開設:￥1,905 / 定額報酬:￥1,905",未提携,accesstrade
インズウェブ自動車保険,,66676,損害保険・生命保険,"一括見積り:￥1,715",未提携,accesstrade
LECオンライン（東京リーガルマインド）,,64573,教育・資格,資料請求:￥100 / 商品個別:1.00％ / S式合格講座:0.00％,未提携,accesstrade
アイビューティーストアー,,63418,コスメ・ボディケア・ヘアケア,商品個別:2.86％ / 売上報酬:2.86％ / 海外商品:2.86％,未提携,accesstrade
GMOクリック証券　証券取引,,59063,FX・証券・暗号資産,"証券口座申込:￥3,000 / 売上報酬:0.00％",未提携,accesstrade
Tokyo Life,,57142,ファッション・アクセサリー,商品個別:1.91％,未提携,accesstrade
【MSP】エステティック　ミス・パリ,,55575,エステ・リラクゼーション,"来店:￥8,300",未提携,accesstrade
京都せんべいおかき専門店小倉山荘,,55506,デリバリー・健康食品・食料品,商品個別:2.86％,未提携,accesstrade
Lmode,,54323,家電・日用品・インテリア,売上報酬:6.00％,未提携,accesstrade
男のエステ ダンディハウス,,42160,エステ・リラクゼーション,"痩身コース　来店:￥8,500 / ジムコース　来店:￥10,400",未提携,accesstrade
香りのセレクトショップ香源,,41681,家電・日用品・インテリア,売上報酬:3.66％,未提携,accesstrade
松井証券,,38376,FX・証券・暗号資産,"定額報酬:￥1,000",未提携,accesstrade
ブライダルネット,,31836,婚活・マッチング,"1ヶ月プラン:￥4,615 / 3ヶ月プラン:￥4,615 / 6ヶ月プラン:￥4,615",未提携,accesstrade
学生ローン・キャッシング「アミーゴ」,,29258,キャッシング・ローン・クレカ,"ローン成約:￥3,429 / 定額報酬:￥3,429",未提携,accesstrade
ルミナスクラブショップ,,28554,家電・日用品・インテリア,売上報酬:2.86％,未提携,accesstrade
アイライフコンタクト,,26433,家電・日用品・インテリア,商品個別:3.66％,未提携,accesstrade
サウンドハウス,,22937,家電・日用品・インテリア,売上報酬:2.00％,未提携,accesstrade
001LENS,,16057,家電・日用品・インテリア,売上報酬:6.00％,未提携,accesstrade
レンズモード,,15920,家電・日用品・インテリア,"売上報酬:6.00％ / 定期便商品:￥2,000",未提携,accesstrade
イー・キャンパス,,15820,キャッシング・ローン・クレカ,"ローン成約:￥3,429 / 定額報酬:￥3,429",未提携,accesstrade
ズバット引越し比較,,14005,その他サービス,一括見積り:￥700,未提携,accesstrade
ズバット車買取比較,,14004,中古車・バイク査定,一括査定:￥953,未提携,accesstrade
資格の学校TAC,,10850,教育・資格,"資料請求:￥219 / 公認会計士資料請求:￥2,450 / USCPA（米国公認会計士）資料請求:￥1,000",未提携,accesstrade
生協の宅配パルシステム,,7118,デリバリー・健康食品・食料品,資料請求:￥858,未提携,accesstrade
オーダーチーズ,,6735,デリバリー・健康食品・食料品,売上報酬:9.53％,未提携,accesstrade
アクセストレード パートナーサイト募集,,4,その他,提携ランク5:￥477,提携中,accesstrade
