ドメイン,DR,備考
b8ta.jp,61.0,
sslwww.jp,61.0,
izu-kamori.jp,57.0,
mokuzai-points.jp,56.0,
uneven.jp,52.0,
yuzuai.jp,52.0,
wook.jp,49.0,
tokusuru-bosai.jp,49.0,
bosai-sendai.jp,48.0,
nikon-lenswear.jp,47.0,
japan-gift-awards.jp,47.0,
ebbs.jp,46.0,
appli-world.jp,46.0,
atom-solutions.jp,45.0,
machi-neta.jp,44.0,
powerx.jp,44.0,
retail-trend-system.jp,44.0,
ginza-calla.jp,43.0,
kyomaf.jp,42.0,
angrysquad.jp,42.0,
kenko100.jp,41.0,
yudo-movie.jp,40.0,
tokyo2020shop.jp,40.0,
komeda-coffee.jp,40.0,
kobe-otona.jp,40.0,
jmar-llg.jp,40.0,
nierreincarnation.jp,39.0,
mainichi-style.jp,39.0,
curetex.jp,39.0,
aqua-aqua.jp,38.0,
ikoma-kankou.jp,38.0,
monthly-century.jp,38.0,
shichan.jp,38.0,
osoushikikensaku.jp,38.0,
kartech.jp,38.0,
kibune.jp,37.0,
localgood.jp,37.0,
ninzunomachi.jp,37.0,
icynene.jp,37.0,
xn--2kr778m.jp,37.0,
deli-a.jp,36.0,
aeonconnect.jp,36.0,
discover-miyazaki.jp,36.0,
thefirstpenguin.jp,36.0,
e-radio.jp,36.0,
ushigyu.jp,36.0,
covid-19-act.jp,36.0,
tech-kawasaki.jp,36.0,
asver-service.jp,36.0,
jimoto-genki-mazda.jp,36.0,
inter7.jp,35.0,
ims-tenjin.jp,35.0,
cashbox.jp,35.0,
sbt-oasis-zett.jp,35.0,
officialwebsite.jp,35.0,
presepe.jp,34.0,
mhlw-houkatsucare-ikou.jp,34.0,
fm-watch.jp,34.0,
altamira.jp,34.0,
n-ippo.jp,34.0,
shukubo.jp,34.0,
re-s.jp,34.0,
8-ss.jp,34.0,
ibukinosato.jp,33.0,
napster.jp,33.0,
monsterdragon.jp,33.0,
kitchenlife.jp,33.0,
bellcor.jp,33.0,
waxpoetics.jp,33.0,
toshoshimbun.jp,33.0,
cms-initiative.jp,33.0,
jamfactory.jp,33.0,
jplayers.jp,32.0,
himejob.jp,32.0,
wasan.jp,32.0,
willfu.jp,32.0,
fmhanako.jp,32.0,
syoha.jp,32.0,
takeyakoutu.jp,32.0,
squarestudio.jp,32.0,
mitoyamane.jp,32.0,
willyet.jp,32.0,
shoken-kogyo.jp,32.0,
dentou-koukai.jp,31.0,
solistiade.jp,31.0,
igf.jp,31.0,
jstc.jp,31.0,
basementginza.jp,31.0,
mozu-movie.jp,31.0,
haniwadogu-kindai.jp,31.0,
dx-ticket.jp,31.0,
dqdai-xb.jp,30.0,
seventeen-follow-again-thecity.jp,30.0,
x-tokyo.jp,30.0,
cocolo-station.jp,30.0,
iekanko.jp,30.0,
spinet.jp,30.0,
realestatematching24.jp,30.0,
telemobile.jp,30.0,
editory.jp,29.0,
saltcoordinator.jp,29.0,
kanakurishiso.jp,29.0,
kyotocity-hs.jp,29.0,
webdesignday.jp,29.0,
medical-comm.jp,29.0,
achs.jp,29.0,
hitoyo-movie.jp,29.0,
manga-toshi-tokyo.jp,29.0,
job-support-mhlw.jp,29.0,
ideactive.jp,29.0,
kyoto-monthly.jp,29.0,
tbsbooks.jp,29.0,
ishr2025nara.jp,29.0,
enta-nikki.jp,29.0,
91savage.jp,29.0,
keiyu-security.jp,29.0,
zenkamono-movie.jp,28.0,
englishpedia.jp,28.0,
kenzoparfums.jp,28.0,
jsrm2025.jp,28.0,
gagaga-lululu.jp,28.0,
nouveausens.jp,28.0,
crawlers.jp,28.0,
tabelatte.jp,28.0,
sugupill.jp,28.0,
africaheritage.jp,28.0,
flagtour.jp,28.0,
am02.jp,28.0,
shizuoka-techno.jp,28.0,
innov-axis.jp,28.0,
itrco.jp,27.0,
hanzuiryo.jp,27.0,
katsuuraonsen.jp,27.0,
yonesima.jp,27.0,
maskwear.jp,27.0,
adtune.jp,27.0,
okweb.jp,27.0,
hanbitstation.jp,27.0,
special-actors.jp,27.0,
sanpo-movie.jp,27.0,
fuzzycontrol.jp,27.0,
mogura-final.jp,27.0,
kawaue.jp,27.0,
pb-k.jp,27.0,
ganshinkei.jp,27.0,
salonefontana.jp,27.0,
yorimo.jp,27.0,
impactmeasurement.jp,27.0,
sogyo-tokyo.jp,27.0,
tokyozevaction.jp,27.0,
povr.jp,27.0,
anime-ff.jp,27.0,
woodrise2021.jp,27.0,
cyclect.jp,27.0,
kobe-center.jp,26.0,
nagoyanavi.jp,26.0,
monkeyman.jp,26.0,
playpic.jp,26.0,
nichinou.jp,26.0,
campgoods.jp,26.0,
keystudio.jp,26.0,
after1year.jp,26.0,
hameln-film.jp,26.0,
nippon-saiko.jp,26.0,
kirari-kamagaya.jp,26.0,
gift-store.jp,26.0,
enchannel.jp,26.0,
yukari-tokyo.jp,26.0,
initialbrain.jp,26.0,
pinafore.jp,25.0,
greenpal.jp,25.0,
tooyoungtodie.jp,25.0,
kiryu-ebisu.jp,25.0,
ac-c.jp,25.0,
wwo.jp,25.0,
saga-lab-challenge.jp,25.0,
hiragamasahiko.jp,25.0,
gyze.jp,25.0,
chintai-management.jp,25.0,
ghost-zyuohger.jp,25.0,
ordet.jp,25.0,
j-okinawa.jp,25.0,
randy.jp,25.0,
maguseonsen.jp,25.0,
nope-movie.jp,25.0,
eco-link.jp,25.0,
tokyo-ritti.jp,25.0,
5digistar.jp,25.0,
body-brain.jp,25.0,
j-os.jp,25.0,
xxxx88.jp,25.0,
hamiltonkojima.jp,25.0,
midin.jp,24.0,
yoshimoto-sports-fes.jp,24.0,
tamiono.jp,24.0,
grandplaza.jp,24.0,
panorama-360.jp,24.0,
nnk-foundation.jp,24.0,
go-matsuri2022.jp,24.0,
mao-asada.jp,23.0,
noblessejapan.jp,23.0,
fetusjapan.jp,23.0,
relacul.jp,23.0,
sadotaiken.jp,23.0,
exina.jp,23.0,
nekonokurachan-ordinarydays.jp,23.0,
brand-x.jp,23.0,
ad-toshiba.jp,23.0,
fusazo.jp,23.0,
soka-news.jp,23.0,
riversakawa-gc.jp,23.0,
hot-koshigaya.jp,23.0,
sagami-ono.jp,23.0,
fiotec.jp,23.0,
racingkartweb.jp,23.0,
bitela.jp,23.0,
sagamiharakita-park.jp,23.0,
xn--lckjxc4ioa2v6739aco4a.jp,23.0,
networld-event.jp,23.0,
doku-ten.jp,23.0,
xn--9ckkn2155h3li.jp,23.0,
harvestinfo.jp,23.0,
xn--r8j9creo45lmissha35zj4cey2ctu0adfu.jp,23.0,
nikkei-techno.jp,22.0,
hfj.jp,22.0,
marketer.jp,22.0,
give-peace-a-chance.jp,22.0,
doorwaytosmiles.jp,22.0,
yu-yurara.jp,22.0,
cheese-cw.jp,22.0,
kinsho-netsuper.jp,22.0,
hacari.jp,22.0,
androidview.jp,22.0,
tottori-ca.jp,22.0,
anykobe.jp,22.0,
mitchellandness.jp,22.0,
enlacefukuoka.jp,22.0,
ifuki.jp,22.0,
chiikinosoui.jp,22.0,
loqui.jp,22.0,
yamakataya-store-net.jp,22.0,
wepros.jp,22.0,
spain-market-festa.jp,22.0,
osaka-shizoukyou.jp,22.0,
designoffice-clip.jp,22.0,
midway-movie.jp,21.0,
aokigallery.jp,21.0,
redhat-forum.jp,21.0,
megweb.jp,21.0,
fmoca.jp,21.0,
herointerview.jp,21.0,
dr-maedaclinic.jp,21.0,
kk-online.jp,21.0,
inodaikokusama.jp,21.0,
youthpark.jp,21.0,
meguru-kenketsu.jp,21.0,
kyunano.jp,21.0,
all-saints.jp,21.0,
itsportsleague.jp,21.0,
motherearthproject.jp,21.0,
fukuokacity-ftc.jp,21.0,
hectef.jp,21.0,
tanpakutoroukai.jp,21.0,
gmect.jp,21.0,
xn--uor090ip2egkr.jp,21.0,
relationship-india.jp,21.0,
xn--dckc6a6a3b7e3b9isa8gf5i.jp,21.0,
tkoubaske.jp,20.0,
anticaosteriadelponte.jp,20.0,
atsugiham.jp,20.0,
uminone.jp,20.0,
asian-fellowship.jp,20.0,
mydoc.jp,20.0,
lucklaser.jp,20.0,
mywiki.jp,20.0,
tf3-movie.jp,20.0,
mu-tsushin.jp,20.0,
winchesterhouse.jp,20.0,
spanishconnection.jp,20.0,
everythingfrom.jp,20.0,
nihonoranda.jp,20.0,
ikesou.jp,20.0,
stia.jp,20.0,
thequietroom.jp,20.0,
nagakubo-kouen.jp,20.0,
osj-jsap.jp,20.0,
kicpac-music.jp,20.0,
d-core.jp,20.0,
adshall.jp,20.0,
hyogo-ikigai.jp,20.0,
share-living.jp,20.0,
valueclick.jp,20.0,
the-zenith.jp,20.0,
ion-softener.jp,20.0,
tamuranosakura.jp,20.0,
hibarikotsu.jp,20.0,
hinokinosumi.jp,20.0,
clearsky-japan.jp,20.0,
ltr-heroaca-cafe.jp,20.0,
hanagesiki.jp,19.0,
kitetsu-hotel.jp,19.0,
s-venture.jp,19.0,
medicodental.jp,19.0,
jbs-web.jp,19.0,
charis-node.jp,19.0,
33kirara.jp,19.0,
swansong-movie.jp,19.0,
ilasik-official.jp,19.0,
shukatsu-fukuyama.jp,19.0,
mialaw.jp,19.0,
strk.jp,19.0,
dream-marketing.jp,19.0,
nipponham-lc.jp,19.0,
pythonzen-pep8-exam.jp,19.0,
3d-monodukuri.jp,19.0,
gadgetters-studio.jp,19.0,
tabeyo.jp,19.0,
koyuland.jp,19.0,
freerom.jp,19.0,
film-pro.jp,19.0,
aozora-takamoto.jp,19.0,
ojizootv.jp,19.0,
nichimenji.jp,19.0,
y-cs-saiyo.jp,19.0,
econosystem.jp,19.0,
hearts-corp.jp,19.0,
fc-kokonoe-coffee.jp,19.0,
copyshop.jp,19.0,
amberlight.jp,19.0,
hakkle.jp,18.0,
ichi-you.jp,18.0,
diamond-big.jp,18.0,
outspot.jp,18.0,
tully.jp,18.0,
kaigo-kouhyou-kanagawa.jp,18.0,
mixart.jp,18.0,
cyclejam.jp,18.0,
ooasa.jp,18.0,
artsurf.jp,18.0,
hill-challenge.jp,18.0,
cheerland.jp,18.0,
jsot2019.jp,18.0,
cfarm.jp,18.0,
shibuspo.jp,18.0,
e-fuzzy.jp,18.0,
ethical-payfoward.jp,18.0,
covid19-gamagori.jp,18.0,
itokei.jp,18.0,
kaigan-info.jp,18.0,
kesennuma-naiwan.jp,18.0,
study-news.jp,18.0,
rencontre.jp,18.0,
acbest.jp,18.0,
a-preschool.jp,18.0,
jra-summercp-2021.jp,18.0,
fujioil-expo2025.jp,18.0,
ikkisha.jp,18.0,
kigakiku.jp,18.0,
furval.jp,18.0,
okukuji.jp,18.0,
aripa.jp,18.0,
tooki.jp,18.0,
sunnyshop.jp,18.0,
murata-seni.jp,18.0,
donut.jp,18.0,
bht-co.jp,18.0,
e-debit.jp,18.0,
xn--sbu93ms5msrm.jp,18.0,
xn--cck4d8b407u.jp,18.0,
aym-okinawa.jp,18.0,
takahamagumi.jp,18.0,
sunroadishikawa.jp,18.0,
soraburitenshop.jp,18.0,
hokutoshop.jp,18.0,
daiyashop.jp,18.0,
aikoshop.jp,18.0,
genbakara.jp,18.0,
vrai.jp,17.0,
karajishi-kamen.jp,17.0,
takeo-cinema.jp,17.0,
tokyo-design-market.jp,17.0,
standardbookstore.jp,17.0,
matsusakaushi.jp,17.0,
dreamstore-shinjuku.jp,17.0,
kitchen-kitchen.jp,17.0,
shoujo.jp,17.0,
d-keieikyo.jp,17.0,
pc-otasuketai.jp,17.0,
karinmound.jp,17.0,
nettyuusyou-lab.jp,17.0,
gainamatsuri.jp,17.0,
sotec.jp,17.0,
catalu.jp,17.0,
aichi-kokubunsai.jp,17.0,
koshu-fruit-marathon.jp,17.0,
false.jp,17.0,
ejc.jp,17.0,
kameradi.jp,17.0,
chiisanaippo.jp,17.0,
components-store.jp,17.0,
tomoshoku.jp,17.0,
girlsbookstand.jp,17.0,
hojyo-exhibition.jp,17.0,
umigomi-zero.jp,17.0,
jfima.jp,17.0,
verdy-ttujina.jp,17.0,
xn--lckh4aa5fxfnd8g.jp,17.0,
hiroshima-ikiru.jp,17.0,
cycrew.jp,17.0,
rubber-boots.jp,17.0,
xn--3kqw43a8o0b0oaq2n.jp,17.0,
osakana-tsudashouten.jp,17.0,
eikokusotoku.jp,16.0,
michel-herbelin.jp,16.0,
s-hidezo.jp,16.0,
tokiya363.jp,16.0,
diamond-m.jp,16.0,
youism.jp,16.0,
a-graph.jp,16.0,
bld-gallery.jp,16.0,
sophia-sw.jp,16.0,
field-of-smile.jp,16.0,
iseokagenosato.jp,16.0,
interior-shop.jp,16.0,
pinerescue.jp,16.0,
treebynaked.jp,16.0,
juse-sqip.jp,16.0,
nextweekendstore.jp,16.0,
nakayamaclinic.jp,16.0,
hukuokarakuraku.jp,16.0,
kanko-kagamino.jp,16.0,
iyashi-kumano.jp,16.0,
cotta-marche.jp,16.0,
ecospa.jp,16.0,
goudo.jp,16.0,
fountainmountain.jp,16.0,
abeno-truss.jp,16.0,
matometehp.jp,16.0,
st-adwg.jp,16.0,
ai-card.jp,16.0,
livegoods.jp,16.0,
spat4cp2025-2026.jp,16.0,
yakiago-dashi.jp,16.0,
nora-studio.jp,16.0,
sokusau.jp,16.0,
isbit.jp,15.0,
repairman.jp,15.0,
shimada-cl.jp,15.0,
dali-movie.jp,15.0,
tomozuna-beya.jp,15.0,
danzenyokohama.jp,15.0,
deai-cafe.jp,15.0,
hontai.jp,15.0,
mumonan.jp,15.0,
luxology.jp,15.0,
bonbi-pet.jp,15.0,
xillia777.jp,15.0,
sumiart.jp,15.0,
sparkinglife.jp,15.0,
yomiraku.jp,15.0,
meprof.jp,15.0,
shiga-bio.jp,15.0,
hosp-ikeda-cms.jp,15.0,
actic.jp,15.0,
uni-fle.jp,15.0,
happy-island.jp,15.0,
omizuyasan.jp,15.0,
kuwana-cashless.jp,15.0,
iomskampolab.jp,15.0,
i-wedding.jp,14.0,
eduview.jp,14.0,
tomita-kan.jp,14.0,
at-agent.jp,14.0,
mmw.jp,14.0,
jscc59atm.jp,14.0,
smahoto.jp,14.0,
chirin-chirin.jp,14.0,
welcomekato.jp,14.0,
mag-system.jp,14.0,
ts-horiuchi.jp,14.0,
texim.jp,14.0,
itsuki-onsen.jp,14.0,
tanacafe.jp,14.0,
fashion-fashion.jp,14.0,
seasidezombie.jp,14.0,
garybonnell.jp,14.0,
yurinkan-museum.jp,14.0,
superstretch.jp,14.0,
jackreacher.jp,14.0,
ibaraki-campaign.jp,14.0,
aogaki-g.jp,14.0,
goto-koutsu.jp,14.0,
virtus-im111.jp,14.0,
soundbandai.jp,14.0,
tries.jp,14.0,
re4.jp,14.0,
matsuyamacafe.jp,14.0,
gongmyoung.jp,14.0,
safari-land.jp,14.0,
aikidoyuishinkai.jp,14.0,
iwc-japan.jp,14.0,
becell.jp,14.0,
keirin70th-cpn.jp,14.0,
kirishima-society.jp,14.0,
wearestar.jp,14.0,
childcaresupport-himawari.jp,14.0,
sendaicityarena-op.jp,14.0,
seiren.jp,14.0,
isigurosyoten.jp,14.0,
tsuratan.jp,14.0,
yatsushiro-cashlesscampaign.jp,14.0,
naviapps.jp,14.0,
be-mint.jp,14.0,
xn--pta-kz3b612na096qweaw519a.jp,14.0,
selfless.jp,13.0,
nagikara.jp,13.0,
acupuncture.jp,13.0,
atro.jp,13.0,
lingkaran.jp,13.0,
kask-helmet.jp,13.0,
kagero.jp,13.0,
hanac200x.jp,13.0,
greenbell.jp,13.0,
ciicz.jp,13.0,
rausu-daiichi-hotel.jp,13.0,
jing-tokyo.jp,13.0,
rumbita.jp,13.0,
melshop2.jp,13.0,
nuest.jp,13.0,
fukuchiyama-kankyokaigi.jp,13.0,
lefils-theatre.jp,13.0,
hotel-raffinato.jp,13.0,
jiik.jp,13.0,
flatto-nihonbashi.jp,13.0,
e-gotanda.jp,13.0,
y-i-groupinc.jp,13.0,
pictureelement.jp,13.0,
lxxe.jp,13.0,
mononoke-matsuri.jp,13.0,
chariyatokyo.jp,13.0,
restart-games.jp,13.0,
taigamap.jp,13.0,
shizenbijin.jp,13.0,
sakunami-sk.jp,13.0,
yogasix.jp,13.0,
valuebase.jp,13.0,
premium-gift-miyazaki.jp,13.0,
katsunou-lab.jp,13.0,
keirin-futomomo.jp,13.0,
gamalovefes.jp,13.0,
nagoya-expressway-stamp.jp,13.0,
kita1010-e-clinic.jp,13.0,
pcjchubu.jp,13.0,
keirin-jinsei.jp,13.0,
pipeman946.jp,13.0,
kyowa-to.jp,12.0,
preciouslife.jp,12.0,
kamizukan.jp,12.0,
syougai.jp,12.0,
nanome.jp,12.0,
alpoca.jp,12.0,
i1color.jp,12.0,
hananoyama.jp,12.0,
silkia.jp,12.0,
kokone.jp,12.0,
gtds.jp,12.0,
linuxserver.jp,12.0,
seinen-kyougikai.jp,12.0,
winsta.jp,12.0,
ilovemrmen.jp,12.0,
mmesh.jp,12.0,
cattoco.jp,12.0,
miteco.jp,12.0,
ecosearch.jp,12.0,
pksc.jp,12.0,
unnaturally-natural.jp,12.0,
bfn.jp,12.0,
tantanburo.jp,12.0,
bull-dvd.jp,12.0,
holybasil.jp,12.0,
adachi-mineichiro.jp,12.0,
mistytown.jp,12.0,
kawarashoten.jp,12.0,
minaminagasaki-sp.jp,12.0,
nagoya-asada.jp,12.0,
sporadi.jp,12.0,
vcookmall.jp,12.0,
e-tanzawa.jp,12.0,
nello.jp,12.0,
moby-dick.jp,12.0,
saitama-cycle.jp,12.0,
promama.jp,12.0,
catalpa.jp,12.0,
garepo.jp,12.0,
shmzlab.jp,12.0,
saisei-kanazawa.jp,12.0,
kunitaya.jp,12.0,
hana-clinic.jp,12.0,
okinawa-santos.jp,12.0,
h-accounting.jp,12.0,
its-promise.jp,12.0,
revi.jp,12.0,
cigrekyoto2022.jp,12.0,
otoginoexpo.jp,12.0,
tohkatsu-gyosei.jp,12.0,
change-your-life-cleanest.jp,12.0,
cbd-migoto.jp,12.0,
doggle.jp,12.0,
aquaseafood.jp,12.0,
3de.jp,12.0,
hiper.jp,12.0,
grace-azumino.jp,12.0,
su-ru.jp,12.0,
resiliencyofmind.jp,12.0,
docoreform-west.jp,12.0,
cocolead01.jp,12.0,
17kaigo.jp,12.0,
globalsupplychain.jp,12.0,
onopoint.jp,12.0,
edixnet.jp,12.0,
sctrc.jp,12.0,
soh-soh.jp,11.0,
red-joan.jp,11.0,
la-coldcase.jp,11.0,
ev-owners.jp,11.0,
tabisuma.jp,11.0,
chablet.jp,11.0,
otoku-line.jp,11.0,
researchtv.jp,11.0,
smartstorecenter.jp,11.0,
moopa.jp,11.0,
akabou-happy-service.jp,11.0,
pc-ikebukuro.jp,11.0,
mart-jam.jp,11.0,
akiyoshi-farmgarden.jp,11.0,
tadayobi.jp,11.0,
lets-know-boatrace.jp,11.0,
kotteri.jp,11.0,
timekiller.jp,11.0,
banq.jp,11.0,
musiclauncher.jp,11.0,
infopot.jp,11.0,
tenchu.jp,11.0,
tokyodream.jp,11.0,
bibalex.jp,11.0,
lucra.jp,11.0,
coaki.jp,11.0,
dragonsprophet.jp,11.0,
oh-yeah.jp,11.0,
maishi.jp,11.0,
gidle.jp,11.0,
fiestaguam.jp,11.0,
indimers.jp,11.0,
ja-yokohama.jp,11.0,
cwac.jp,11.0,
fatwrecked25.jp,11.0,
ris-shinri.jp,11.0,
newscred.jp,11.0,
shiroiheya.jp,11.0,
hyoui.jp,11.0,
c-mei.jp,11.0,
gramo.jp,11.0,
fureai-village.jp,11.0,
ibf-kakuseikai.jp,11.0,
ecchu-challenge.jp,11.0,
tom-is.jp,11.0,
fit-ieterrace.jp,11.0,
proraso.jp,11.0,
genji3.jp,11.0,
nakky.jp,11.0,
scrapper.jp,11.0,
gifu-koutairen.jp,11.0,
taylorburton.jp,11.0,
housecom-dx-conference.jp,11.0,
manchan.jp,11.0,
freelans.jp,11.0,
theparade.jp,11.0,
trasti.jp,11.0,
fukui150.jp,11.0,
asianmarche.jp,11.0,
pro24yg.jp,11.0,
raizon.jp,11.0,
kinokotocafe.jp,11.0,
ivrc.jp,11.0,
yukawa-act.jp,11.0,
okozukai.jp,11.0,
montecrew.jp,11.0,
tambamilk-shop.jp,11.0,
miraiyu-esaka.jp,11.0,
yomi-toku.jp,11.0,
gamap.jp,11.0,
pet-farewell.jp,11.0,
track-nationalchampionships.jp,11.0,
ishin-home-cms.jp,11.0,
goldenexpo.jp,11.0,
horitada.jp,11.0,
seihospecial.jp,11.0,
smid2023.jp,11.0,
puana.jp,11.0,
uandi-jhb.jp,11.0,
trust-in.jp,11.0,
shoes-ac.jp,11.0,
juncommunity.jp,11.0,
elle-est-belle.jp,11.0,
coco-scratch.jp,11.0,
sugidoco.jp,11.0,
jcs-entertainment.jp,11.0,
infinity-k-partners.jp,11.0,
assist-int.jp,11.0,
seminar-video.jp,11.0,
e-tone-ai.jp,11.0,
petit-atti.jp,11.0,
hood-movie.jp,10.0,
finalportrait.jp,10.0,
blogoodies.jp,10.0,
eightpark.jp,10.0,
shangrila-drive.jp,10.0,
noumi-dental.jp,10.0,
hiroshima-kansenboushi-shien.jp,10.0,
amazingcircus-estore.jp,10.0,
luteininfo.jp,10.0,
en-core.jp,10.0,
kana-sango.jp,10.0,
re-products-project.jp,10.0,
vid.jp,10.0,
regame.jp,10.0,
kudox.jp,10.0,
doops.jp,10.0,
hagaren-movie.jp,10.0,
mangacapsule.jp,10.0,
69movie.jp,10.0,
tonari-t.jp,10.0,
nature-movie.jp,10.0,
fami-web.jp,10.0,
mizunome-ru.jp,10.0,
club-ism.jp,10.0,
ringdream.jp,10.0,
lefrancais.jp,10.0,
akb48-lifecard.jp,10.0,
greenplaza-karuizawa.jp,10.0,
uplex.jp,10.0,
timediver.jp,10.0,
habu-connection.jp,10.0,
vegetus.jp,10.0,
standupclassic.jp,10.0,
blcr.jp,10.0,
nonokanet.jp,10.0,
quizgo.jp,10.0,
easyeight.jp,10.0,
re-generate.jp,10.0,
motown60.jp,10.0,
office-rire.jp,10.0,
amasia.jp,10.0,
meatcafe.jp,10.0,
geetacurry.jp,10.0,
sbscom.jp,10.0,
flyingmonk.jp,10.0,
umebachi.jp,10.0,
sawvi.jp,10.0,
hanamoegi.jp,10.0,
sugiyofarm.jp,10.0,
yamatoyasai-natura.jp,10.0,
ueno-farm.jp,10.0,
nagoya-dome-prime-twin.jp,10.0,
hukkatuai.jp,10.0,
fukui-jizokuka.jp,10.0,
kenketsu-anime-campaign.jp,10.0,
comodi-iida-saiyou.jp,10.0,
csnet-kikaku.jp,10.0,
vegeloveit.jp,10.0,
twiyo.jp,10.0,
icpictokyo.jp,10.0,
lumies.jp,10.0,
abbeys-vines.jp,10.0,
entre-school.jp,10.0,
teamno1.jp,10.0,
esleepy.jp,10.0,
cip4.jp,10.0,
e-tame.jp,10.0,
encos.jp,10.0,
doctors-home.jp,10.0,
verdy-kabeminami.jp,10.0,
bemoti.jp,10.0,
avexdm475.jp,10.0,
nagawood.jp,10.0,
pokecology-researchcp.jp,10.0,
yokabaisatei.jp,10.0,
six-archi.jp,10.0,
iki299.jp,10.0,
walleco.jp,10.0,
odate-utanohi.jp,10.0,
mugen-gp.jp,10.0,
tonykartracing.jp,10.0,
treely.jp,10.0,
enmusubicare.jp,10.0,
supremetechnology.jp,10.0,
kitanagoya-cashless.jp,10.0,
web-3.jp,10.0,
rrec.jp,10.0,
renomado.jp,10.0,
ai-persona-marketing.jp,10.0,
web-coach.jp,10.0,
eitoshop.jp,10.0,
mgdm.jp,9.0,
kanoizumi.jp,9.0,
comepri.jp,9.0,
kyushu-j.jp,9.0,
bhutan-travel.jp,9.0,
eishinjuku.jp,9.0,
tokyoautostyle.jp,9.0,
conejo.jp,9.0,
pepsi-cp.jp,9.0,
zettai.jp,9.0,
nebraska-movie.jp,9.0,
omokage-movie.jp,9.0,
goldencup.jp,9.0,
riribbon.jp,9.0,
tokyo7s.jp,9.0,
urayasusc.jp,9.0,
sngt.jp,9.0,
gltokyo.jp,9.0,
sem-irep.jp,9.0,
milk-co.jp,9.0,
bitstudio.jp,9.0,
emlife.jp,9.0,
r1997.jp,9.0,
hyper-m.jp,9.0,
jura.jp,9.0,
uf-miyagi.jp,9.0,
thaitanaporn.jp,9.0,
fulllifecare.jp,9.0,
danlan.jp,9.0,
kandoraten.jp,9.0,
jukouan.jp,9.0,
food-communication.jp,9.0,
one-thing.jp,9.0,
daiichi-tamaya-sushi.jp,9.0,
farmos.jp,9.0,
tricking.jp,9.0,
onomatopedia.jp,9.0,
spool-hs-job.jp,9.0,
pomology.jp,9.0,
crystalline.jp,9.0,
biogas.jp,9.0,
landingpad.jp,9.0,
ikcinc.jp,9.0,
sakizakiteruko.jp,9.0,
kyoden-kpi.jp,9.0,
seminar-lab.jp,9.0,
thetopland.jp,9.0,
bizdev-career.jp,9.0,
blackexpress.jp,9.0,
maaru-cafe.jp,9.0,
syria-pound.jp,9.0,
ishikawashika.jp,9.0,
tanba-kisaku.jp,9.0,
yogadays.jp,9.0,
tamabussan.jp,9.0,
hokumaru.jp,9.0,
nogata-kodomo.jp,9.0,
ryokanogawa.jp,9.0,
muuv.jp,9.0,
cocopila.jp,9.0,
team-yokohama-ev.jp,9.0,
kenko-nagasaki.jp,9.0,
nosekaraku.jp,9.0,
reg-clinkage.jp,9.0,
wellbe-toyosu.jp,9.0,
mbp-cp.jp,9.0,
studio999.jp,9.0,
sukusuku-kodomo.jp,9.0,
newton-web.jp,9.0,
inzai-kankou.jp,9.0,
sakatsunosa.jp,9.0,
la-ebisugg.jp,9.0,
mikawa-co.jp,9.0,
inadani-tour.jp,9.0,
daiichi-inc.jp,9.0,
foodlearning.jp,9.0,
sixty82-doughty.jp,9.0,
localfishcan.jp,9.0,
jewelmiki.jp,9.0,
dogsalonroukie.jp,9.0,
antler.jp,9.0,
jspen-metro2025.jp,9.0,
onayami2021.jp,9.0,
logiomics.jp,9.0,
lohas-art.jp,9.0,
smilehoney83.jp,9.0,
ots-corporation.jp,9.0,
mogumogu-check.jp,9.0,
hikakuweb.jp,9.0,
beatify.jp,9.0,
apahotel-saiyou.jp,8.0,
um-hum.jp,8.0,
lipton-sweets.jp,8.0,
siesta-hosp.jp,8.0,
camlens.jp,8.0,
honshibori-mag.jp,8.0,
r-ndental.jp,8.0,
hananobo.jp,8.0,
it-stamp.jp,8.0,
nagamine-seikei.jp,8.0,
ueno-hiroshi.jp,8.0,
katuura-umaimono.jp,8.0,
cosplayheaven.jp,8.0,
kazuma-sone.jp,8.0,
lounge1908.jp,8.0,
belpa.jp,8.0,
kaoiro.jp,8.0,
1-8.jp,8.0,
animetas.jp,8.0,
earth1999-netshop.jp,8.0,
kenjiworld.jp,8.0,
cochu.jp,8.0,
animefes-vs.jp,8.0,
komakicity-onsuipool.jp,8.0,
yagi-otoko.jp,8.0,
warp-style.jp,8.0,
vimclip.jp,8.0,
susono-gyoza.jp,8.0,
semba-portfolio.jp,8.0,
xn--qckubp0dr1j.jp,8.0,
plant-gift.jp,8.0,
o-kane.jp,8.0,
sutekinasurprise.jp,8.0,
shirocolle.jp,8.0,
logicom.jp,8.0,
velotaxi-yokohama.jp,8.0,
petbridge.jp,8.0,
rupa.jp,8.0,
clos.jp,8.0,
link-cocokara.jp,8.0,
wabisuke.jp,8.0,
lab-question.jp,8.0,
hyakunenkai-nerima.jp,8.0,
minami-satelliteoffice.jp,8.0,
ttmoto.jp,8.0,
cloudplay.jp,8.0,
mtmidwife.jp,8.0,
metasu.jp,8.0,
hiyamuta.jp,8.0,
hugnet.jp,8.0,
chihousouseikaigi.jp,8.0,
zeirisi-syoukai.jp,8.0,
fleurys.jp,8.0,
eais.jp,8.0,
dog-art.jp,8.0,
inz.jp,8.0,
bijinzaifu.jp,8.0,
livehayn.jp,8.0,
whiteroad.jp,8.0,
kabanclub.jp,8.0,
bites-studio.jp,8.0,
tochigi-satellite.jp,8.0,
jay-official.jp,8.0,
mtwoodgee.jp,8.0,
terraformars-busters.jp,8.0,
y-gasuri.jp,8.0,
outdoornavi.jp,8.0,
shafuku-center.jp,8.0,
monchhichi.jp,8.0,
mcrcm.jp,8.0,
ess-tokyo.jp,8.0,
gourmandise-gunma.jp,8.0,
m-tea.jp,8.0,
happy-thaimassage.jp,8.0,
tamanoya-tamagoya.jp,8.0,
xn--pss89e4ub.jp,8.0,
junkk.jp,8.0,
fbog.jp,8.0,
bonheurvient.jp,8.0,
kawaharada-k.jp,8.0,
ntech-recruit.jp,8.0,
sunny5.jp,8.0,
pikante.jp,8.0,
owosaka.jp,8.0,
hubflow.jp,8.0,
gns96.jp,8.0,
mitakyoka.jp,8.0,
andlocal.jp,8.0,
g-kirei.jp,8.0,
xn--lt0am23c.jp,8.0,
saneiko.jp,8.0,
oudon-hyakushiki.jp,8.0,
wamingu.jp,8.0,
idpr.jp,8.0,
busne.jp,8.0,
taifuku.jp,8.0,
web-taxi.jp,8.0,
interhigh.jp,8.0,
seishin-chikouken.jp,8.0,
ron2021.jp,8.0,
misato-shoukoukai.jp,8.0,
dx-saga.jp,8.0,
usawata.jp,8.0,
tokai-gannpro.jp,8.0,
monument.jp,8.0,
kaemidotenjin-sha.jp,8.0,
irie-inity.jp,8.0,
shopagent.jp,8.0,
creative-hill-minamiawaji.jp,8.0,
koto-okaimono-premium2024.jp,8.0,
fureai-kan.jp,8.0,
aichi-kashigakuen.jp,8.0,
bonterrain.jp,8.0,
wellkin.jp,8.0,
unicen.jp,8.0,
mysystem1364.jp,8.0,
midorinomori-kaigo.jp,8.0,
nano-tukuru.jp,8.0,
dr-coffee.jp,8.0,
z-en.jp,8.0,
scm-management.jp,8.0,
anytime-driving-service.jp,8.0,
miyazaki-itpc.jp,8.0,
syoha-senkyo.jp,7.0,
elementcase.jp,7.0,
kanclinic.jp,7.0,
sketch3.jp,7.0,
nikibit.jp,7.0,
syougeki.jp,7.0,
kanabun.jp,7.0,
slappycakes.jp,7.0,
cbd-online.jp,7.0,
satomihakkenden.jp,7.0,
1st-tiger.jp,7.0,
tokowaka-tsucity.jp,7.0,
pap-guide.jp,7.0,
gunmachan-chi.jp,7.0,
ninjintei.jp,7.0,
itsu-ten.jp,7.0,
zakura.jp,7.0,
tccccc.jp,7.0,
bungee.jp,7.0,
narikiri-qa.jp,7.0,
hiroshima-oktoberfest.jp,7.0,
musicweekend.jp,7.0,
x-lift.jp,7.0,
alone-movie.jp,7.0,
smarental.jp,7.0,
shizuoka-dentogeino.jp,7.0,
baut.jp,7.0,
tab-guitar-school.jp,7.0,
moritakagu.jp,7.0,
yardage.jp,7.0,
kagino9948.jp,7.0,
blank2y.jp,7.0,
tomikuji-marathon.jp,7.0,
l-plus.jp,7.0,
cherrypub-hakuba.jp,7.0,
tokyo-s-clinic.jp,7.0,
spicerack.jp,7.0,
iinomob.jp,7.0,
eis-yokkaichi-u.jp,7.0,
airista.jp,7.0,
tripnavi.jp,7.0,
kokuyou.jp,7.0,
ask21.jp,7.0,
candle-ships.jp,7.0,
satou-cpa.jp,7.0,
smile-chintai.jp,7.0,
huuug.jp,7.0,
r-chisato.jp,7.0,
carehouse-naruto.jp,7.0,
jkk-hokuriku.jp,7.0,
kitajimatatsuya.jp,7.0,
desknets-hr.jp,7.0,
murakumokai.jp,7.0,
hf-n.jp,7.0,
scif.jp,7.0,
dr-hosoi.jp,7.0,
tochigi-rinnavi.jp,7.0,
itabashi-higashiitabashi-lib.jp,7.0,
regentediting.jp,7.0,
nucadoco.jp,7.0,
sumiyaki-oniku.jp,7.0,
taifukukai-nishiumeda.jp,7.0,
taekwon-do.jp,7.0,
japan-ecoleather.jp,7.0,
benihamashop.jp,7.0,
kyoryo-net.jp,7.0,
sbre.jp,7.0,
taifukukai-shinjyuku.jp,7.0,
gifu-suikintei.jp,7.0,
sq-liberty.jp,7.0,
coinext-ncu.jp,7.0,
advancefunding.jp,7.0,
junclinic-tamaplaza.jp,7.0,
lifeworkbalance.jp,7.0,
polypheou.jp,7.0,
youkai-mago.jp,7.0,
shimoitozu.jp,7.0,
ueno-tohoku.jp,7.0,
richardmille-yonexladeisgolf.jp,7.0,
kaga-city.jp,7.0,
asp-techno.jp,7.0,
qht.jp,7.0,
c-liv.jp,7.0,
airconrescue.jp,7.0,
7tsuya-ofuna.jp,7.0,
sagamionochuo-park.jp,7.0,
otocoba.jp,7.0,
yaizugurumeguri.jp,7.0,
gaal.jp,7.0,
shiawase-academy.jp,7.0,
hankokitaji.jp,7.0,
petim.jp,7.0,
jse2022.jp,7.0,
viage.jp,7.0,
shinshu-sake.jp,7.0,
noborisamurai.jp,7.0,
expo2016.jp,7.0,
chiyodaopera.jp,7.0,
senryoku.jp,7.0,
off-line.jp,7.0,
finaldeo.jp,7.0,
atopimate.jp,7.0,
smokeland.jp,7.0,
iizura.jp,7.0,
kumachikkyo.jp,7.0,
bones2.jp,7.0,
ktpro.jp,7.0,
kokosaga.jp,7.0,
housedoctor-riza.jp,7.0,
fangchan.jp,7.0,
mhbodywork.jp,7.0,
zuo-shop.jp,7.0,
hakobox.jp,7.0,
a1day1.jp,7.0,
uni-book.jp,7.0,
sunlight-tokyo.jp,7.0,
simizushop.jp,7.0,
next-skill.jp,7.0,
mujosobyo.jp,6.0,
8-duck.jp,6.0,
application-kanazawa.jp,6.0,
okada-maternity.jp,6.0,
rusmuseum.jp,6.0,
kara1.jp,6.0,
motomachi3.jp,6.0,
americanvape.jp,6.0,
kakian.jp,6.0,
oosumi-museum.jp,6.0,
kuumaa.jp,6.0,
adventures.jp,6.0,
kitamura-hp.jp,6.0,
sawagroup.jp,6.0,
sicd.jp,6.0,
gladia.jp,6.0,
sanagi.jp,6.0,
fusionio.jp,6.0,
okaimono-review.jp,6.0,
backfire.jp,6.0,
rozier.jp,6.0,
yukinohana-movie.jp,6.0,
moonwalker.jp,6.0,
e-bauhaus.jp,6.0,
qoon.jp,6.0,
intothefire.jp,6.0,
tipua.jp,6.0,
troikadesignstore.jp,6.0,
127movie.jp,6.0,
hanryu-iace.jp,6.0,
ugearsmodels.jp,6.0,
wachsen.jp,6.0,
iikotomitsuketa.jp,6.0,
shares-market.jp,6.0,
hickies.jp,6.0,
twmu-mcens.jp,6.0,
aesthology.jp,6.0,
kadenplus.jp,6.0,
vegetafarm.jp,6.0,
kispr.jp,6.0,
headache.jp,6.0,
sunrouteplazafukushima.jp,6.0,
odd-thomas.jp,6.0,
hls-j.jp,6.0,
s3studio.jp,6.0,
with-money.jp,6.0,
nankaifd.jp,6.0,
astrodive.jp,6.0,
ggot.jp,6.0,
melancholic.jp,6.0,
aabc.jp,6.0,
tyg-archives.jp,6.0,
e-esta.jp,6.0,
e-newssite.jp,6.0,
okuda-t.jp,6.0,
neosilk.jp,6.0,
hito-manabi.jp,6.0,
sakamoto-recycle.jp,6.0,
routezero.jp,6.0,
w-angela.jp,6.0,
sakurabashi.jp,6.0,
hankoyahonpo.jp,6.0,
sangyo-npo.jp,6.0,
nakaharakanpo.jp,6.0,
razu-deli-plus.jp,6.0,
inet-gr.jp,6.0,
tokutei-kenshin.jp,6.0,
moringa-aojiru.jp,6.0,
chibaderacatholic.jp,6.0,
invivo.jp,6.0,
okawarijapan-store.jp,6.0,
pandora-ax.jp,6.0,
theboyz-cafe.jp,6.0,
scala.jp,6.0,
brixx.jp,6.0,
tap-net.jp,6.0,
anjir.jp,6.0,
kyujin-door.jp,6.0,
advantage-report.jp,6.0,
birdmountain.jp,6.0,
skymet.jp,6.0,
fukuyama-chat.jp,6.0,
iyagarase-tck.jp,6.0,
leeyikyung.jp,6.0,
sniperchallenge.jp,6.0,
unwindspinito.jp,6.0,
thepartyshop.jp,6.0,
imkyushu.jp,6.0,
braveentrepreneur.jp,6.0,
tsugaru-yawaragi.jp,6.0,
ocu-anesth.jp,6.0,
amediar.jp,6.0,
gwc-gakushuin.jp,6.0,
shige-yoshi.jp,6.0,
marutetsu.jp,6.0,
megasupple.jp,6.0,
yutacafe.jp,6.0,
mva2023.jp,6.0,
fortunestar.jp,6.0,
ceu.jp,6.0,
medicharm.jp,6.0,
isle3970.jp,6.0,
3l-apartment.jp,6.0,
kakaseibi.jp,6.0,
lovelightpia.jp,6.0,
okumura-vet.jp,6.0,
vegepeel.jp,6.0,
nemukunaru.jp,6.0,
izonma.jp,6.0,
tripara.jp,6.0,
oyodo-park.jp,6.0,
fearlessinc.jp,6.0,
shokuba.jp,6.0,
anapa-ola.jp,6.0,
itadaki-sushi.jp,6.0,
nabeghlavi.jp,6.0,
p-raksasa.jp,6.0,
smart-law.jp,6.0,
tani4.jp,6.0,
okizero.jp,6.0,
hokenjoho.jp,6.0,
acend.jp,6.0,
reacs.jp,6.0,
maruhori-yasai.jp,6.0,
finefoods.jp,6.0,
data-driven.jp,6.0,
suzuyogroup.jp,6.0,
mito-yakiniku.jp,6.0,
leadeed.jp,6.0,
hauss.jp,6.0,
vr-bitchu-takamatsucastle.jp,6.0,
pagepark.jp,6.0,
l-a-p.jp,6.0,
ardercal.jp,6.0,
saga-arasiyama.jp,6.0,
sahara-group.jp,6.0,
kinnikubento.jp,6.0,
ippin-sukagawa.jp,6.0,
hiroshima-kaigo.jp,6.0,
gh-le-clos.jp,6.0,
fortune-house.jp,6.0,
tech-swat.jp,6.0,
sgraphy.jp,6.0,
jschn31.jp,6.0,
sr-osakaminami.jp,6.0,
maisonboutique.jp,6.0,
aikidou.jp,6.0,
o-rganic.jp,6.0,
nts-msr.jp,6.0,
bird-rides.jp,6.0,
bic-intensity.jp,6.0,
laurasia.jp,6.0,
ac-wedding.jp,6.0,
underhair.jp,6.0,
kmknet.jp,6.0,
umapoi.jp,6.0,
matsuo-masahiro.jp,6.0,
nadejo.jp,5.0,
okakiyoshi-ken.jp,5.0,
concerto-lc.jp,5.0,
uruga.jp,5.0,
hybridhealth-ikebukuro.jp,5.0,
ikastyle.jp,5.0,
uratan.jp,5.0,
kblovers.jp,5.0,
jw-open.jp,5.0,
deny.jp,5.0,
jjseisakuken.jp,5.0,
twpr.jp,5.0,
kite-board.jp,5.0,
prpro.jp,5.0,
sushi-joy.jp,5.0,
misu-museum.jp,5.0,
harunaluna-fc.jp,5.0,
satindollkobe.jp,5.0,
jennifers-body.jp,5.0,
tosainari.jp,5.0,
rimg.jp,5.0,
heaven-inferno.jp,5.0,
shisankanri.jp,5.0,
yuza-brand.jp,5.0,
tiglily.jp,5.0,
feoh.jp,5.0,
dollynoire.jp,5.0,
taikiosen.jp,5.0,
hana-kage.jp,5.0,
kyosukehimuro-postscript.jp,5.0,
yuuki-nanase.jp,5.0,
nproject.jp,5.0,
your-research.jp,5.0,
seaman.jp,5.0,
sidestand.jp,5.0,
rakuemon.jp,5.0,
helmihaat-mamehana.jp,5.0,
daddysgirl.jp,5.0,
ogrkn.jp,5.0,
nazunakougei.jp,5.0,
kks-grp.jp,5.0,
sekisui-eshop.jp,5.0,
kawaji-tamio.jp,5.0,
ibakei.jp,5.0,
svba.jp,5.0,
genlocme.jp,5.0,
kumazawaya.jp,5.0,
run-allnight.jp,5.0,
roopa.jp,5.0,
takimoto-shika.jp,5.0,
pro-sales.jp,5.0,
saganoki-ie-machi.jp,5.0,
ishizaki-s.jp,5.0,
sugakujuku.jp,5.0,
miyazakikaigo-gekkou.jp,5.0,
ymmd-recruit.jp,5.0,
eclat-tokyo.jp,5.0,
yutoku-ph.jp,5.0,
we-unite.jp,5.0,
web-int.jp,5.0,
yoei-shopping2.jp,5.0,
toriishi.jp,5.0,
my-pan-internship.jp,5.0,
jssf2021.jp,5.0,
naruto-herbs.jp,5.0,
n-pita.jp,5.0,
lipid-life-science.jp,5.0,
glotech.jp,5.0,
machida-pcrstation.jp,5.0,
kamikazari.jp,5.0,
texteq.jp,5.0,
crie-ikebukuro.jp,5.0,
kodomopro.jp,5.0,
cocorohaku.jp,5.0,
akamone.jp,5.0,
xn--mck0a9j.jp,5.0,
xn--pc-4h4a4c2e6h.jp,5.0,
ns-mail.jp,5.0,
showrunner.jp,4.9,
homecourt.jp,4.9,
samurep.jp,4.9,
maho-bunko.jp,4.9,
masteroflife.jp,4.9,
toranosuke3.jp,4.9,
custom-design.jp,4.9,
shizuoka-news.jp,4.9,
gin-nagumo.jp,4.9,
allgxxd.jp,4.9,
hoyasake.jp,4.9,
valuable.jp,4.9,
kir-event.jp,4.9,
tohkohcare-recruit.jp,4.9,
hatena.jp,4.8,
syspla.jp,4.8,
stardance.jp,4.8,
pman-hasaki.jp,4.8,
bryan.jp,4.8,
oki-innovation.jp,4.8,
hi-pack.jp,4.8,
cbdays.jp,4.8,
akybank.jp,4.8,
koupenchan-chat.jp,4.8,
yaiba-cafe-ltr.jp,4.8,
slt-shiga.jp,4.8,
team-wizard.jp,4.8,
soluna-hairsalon.jp,4.8,
social-lab.jp,4.7,
ero-dx.jp,4.7,
hidebo.jp,4.7,
wcaf.jp,4.7,
speaq.jp,4.7,
hakataichibandaiko.jp,4.7,
lifeplus.jp,4.7,
kumamoto-pt.jp,4.7,
got-cha.jp,4.7,
ohmugi-kyusyoku.jp,4.7,
rebee-flower.jp,4.7,
hashizume-sake.jp,4.7,
unso-design.jp,4.7,
tage-skin.jp,4.7,
grand-delicious.jp,4.7,
ishiuchi-clinic.jp,4.6,
smileship.jp,4.6,
hozenji-wasabi.jp,4.6,
xn--n8jlg2057dnf8a.jp,4.6,
rakuraku-adviser.jp,4.6,
valetudo.jp,4.6,
maintex.jp,4.6,
mataka.jp,4.6,
maruhachiseika.jp,4.6,
kumorina.jp,4.6,
urban-rig.jp,4.6,
lifeis-co.jp,4.6,
drheart.jp,4.6,
kappore.jp,4.6,
julius21.jp,4.6,
bungu-salsa.jp,4.6,
the-gates.jp,4.6,
taiyods.jp,4.6,
monster-cbd.jp,4.6,
tamatebaco.jp,4.6,
ieap.jp,4.6,
kunsyudou-onlineshop.jp,4.6,
daughter.jp,4.6,
noviro.jp,4.6,
sugayadenki.jp,4.6,
adgger.jp,4.5,
k-okajima.jp,4.5,
web200.jp,4.5,
bijitel.jp,4.5,
global-adtech.jp,4.5,
sovereign-house.jp,4.5,
battlefitness.jp,4.5,
anshin-ohaka.jp,4.5,
izunokuni-iju.jp,4.5,
goenglishschool.jp,4.5,
inu-yume.jp,4.5,
imakano.jp,4.5,
s-tenjinminami.jp,4.5,
eitai.jp,4.5,
carls.jp,4.5,
connect-l.jp,4.5,
top-net.jp,4.5,
nadeshiko-nail.jp,4.5,
verdy-okayamaekimae.jp,4.5,
xn--f9jh5etb.jp,4.5,
wandai-kougen.jp,4.5,
groundview.jp,4.5,
aichi-gym.jp,4.5,
omotenashijozu.jp,4.5,
datsutansofair-gunma.jp,4.5,
retoro-genki.jp,4.5,
tsurai.jp,4.4,
bar-evita.jp,4.4,
matsui-kazuyo.jp,4.4,
ttdd.jp,4.4,
amigo50.jp,4.4,
sanzou.jp,4.4,
zennosato.jp,4.4,
charcuterie-de-france.jp,4.4,
fge2019.jp,4.4,
protch.jp,4.4,
rmproject.jp,4.4,
taruishoko.jp,4.4,
ecodenki.jp,4.4,
keyaki-sozoku.jp,4.4,
gimin.jp,4.4,
vssw.jp,4.4,
prior-rings.jp,4.4,
futoukazei.jp,4.4,
creative-company.jp,4.4,
livpro.jp,4.4,
dcrr.jp,4.4,
efreedom.jp,4.3,
cocoro-cafe.jp,4.3,
sasaka.jp,4.3,
suzushin.jp,4.3,
cafe-macondo.jp,4.3,
hanzawa-tax.jp,4.3,
sakanaya-ebisui.jp,4.3,
pickstar.jp,4.3,
fuku-omotenashitai.jp,4.3,
gakuren-dance-obog.jp,4.3,
residencecard.jp,4.3,
bs-luce.jp,4.3,
tighug.jp,4.3,
nepalquake-aid.jp,4.3,
shingetsu-school.jp,4.2,
tairaview.jp,4.2,
makimakiya.jp,4.2,
sendaiareapass.jp,4.2,
yamahiko-farm.jp,4.2,
premium1.jp,4.2,
gconference.jp,4.2,
sqi.jp,4.2,
happyhappy-life.jp,4.2,
deeplinetrip.jp,4.2,
kubanokokoro.jp,4.2,
barzer.jp,4.2,
myspa.jp,4.2,
vw-watervalley.jp,4.2,
kodomobento.jp,4.2,
to-walk.jp,4.2,
aktia.jp,4.2,
web-select.jp,4.2,
okayamagets.jp,4.2,
earcleaning.jp,4.2,
xn--7orva4gp79abodurv177c7a.jp,4.2,
megurist.jp,4.2,
furusato-ako.jp,4.2,
taiyo-logi-inc.jp,4.2,
zt-plasticmolding.jp,4.2,
hinabe-shintenchi.jp,4.1,
elementalsoft.jp,4.1,
skip.jp,4.1,
bunny-g.jp,4.1,
all-digicam.jp,4.1,
chambres.jp,4.1,
soap-saika.jp,4.1,
a-office.jp,4.1,
studio-park.jp,4.1,
m-tp.jp,4.1,
tkproducts.jp,4.1,
gifu-handball.jp,4.1,
studioaqua-shibuya.jp,4.1,
nicography.jp,4.1,
agribiz-hokkaido.jp,4.1,
ichifestival.jp,4.1,
kthome-estate.jp,4.1,
imarigyu.jp,4.1,
m-boseki.jp,4.1,
saruyamarikiya.jp,4.1,
coffeecarako.jp,4.1,
heartbeat-movie.jp,4.0,
ierum.jp,4.0,
sakuradaoffice.jp,4.0,
team-kansai.jp,4.0,
100cheergirl.jp,4.0,
maare.jp,4.0,
kazco.jp,4.0,
petitbisou-ashiya.jp,4.0,
aquarela.jp,4.0,
socc.jp,4.0,
butudan358.jp,4.0,
prettydoll758.jp,4.0,
tajimi-akiyabank.jp,4.0,
imness.jp,4.0,
serrure.jp,4.0,
kawagoeclinic.jp,4.0,
kzero.jp,4.0,
colourenergy.jp,4.0,
shfw.jp,4.0,
mkanrishi-navi.jp,4.0,
pleasure2008.jp,4.0,
cocosauna.jp,4.0,
essencebase.jp,4.0,
herptile2024.jp,4.0,
shin-ko-kyu.jp,4.0,
gearlytics.jp,4.0,
eatable.jp,3.9,
willhearts.jp,3.9,
ezd1.jp,3.9,
livejam.jp,3.9,
zerotoone.jp,3.9,
nihombashimo.jp,3.9,
jissenn-bennkyou.jp,3.9,
dino-j.jp,3.9,
kawase365.jp,3.9,
angel-dc.jp,3.9,
jetty.jp,3.9,
totonoucar.jp,3.9,
bit-bit.jp,3.9,
airlines-tickets.jp,3.9,
chunichi-kyoiku.jp,3.9,
job083.jp,3.9,
tints.jp,3.9,
hotakayusei.jp,3.9,
takeout-kobe.jp,3.9,
jippo.jp,3.9,
jpallet.jp,3.9,
serase.jp,3.9,
real-fitness.jp,3.8,
g2q.jp,3.8,
seasidebowl.jp,3.8,
tottori-impulse.jp,3.8,
toyohashi-chuo.jp,3.8,
jnatural-lab.jp,3.8,
japanesesongs.jp,3.8,
pointeshoemeets.jp,3.8,
mamarcial.jp,3.8,
tallshipchallenge.jp,3.8,
eigo-juku.jp,3.8,
kbbf.jp,3.8,
tekisho.jp,3.8,
xsta.jp,3.8,
pkia.jp,3.8,
mcity-guide.jp,3.7,
premirea.jp,3.7,
gingin5-hamamatsu.jp,3.7,
pirikara.jp,3.7,
chihiro-mental.jp,3.7,
chubby.jp,3.7,
kobac-nara.jp,3.7,
e-sekizai.jp,3.7,
third-design.jp,3.7,
omizudaigaku.jp,3.7,
kanpyo-kaido.jp,3.7,
amioto.jp,3.7,
liiien-fc.jp,3.7,
mayfactory-recruit.jp,3.7,
atweb.jp,3.7,
hansya.jp,3.7,
inedge.jp,3.7,
gomori.jp,3.7,
gblog.jp,3.7,
promptpedia.jp,3.7,
kawamotoshop.jp,3.7,
deepocean.jp,3.6,
clickpaint.jp,3.6,
enup2.jp,3.6,
fiestasaipan.jp,3.6,
careerlove.jp,3.6,
kashimamishima.jp,3.6,
theredrock.jp,3.6,
bihoro-duathlon.jp,3.6,
harris-english-school.jp,3.6,
tayebaenterprise.jp,3.6,
petsupport.jp,3.6,
kamidakihoikuen.jp,3.6,
zorion.jp,3.6,
chicken-dynamite.jp,3.6,
bidnavi.jp,3.6,
genzeigiren.jp,3.6,
plusoneinc.jp,3.6,
tokuhi-kenkou21.jp,3.6,
miclear.jp,3.6,
miyatashoyuten.jp,3.6,
gerogyokai.jp,3.6,
grow-forward.jp,3.6,
xn--edk8azcf9629a3nb4z3f97hwk8h3te.jp,3.6,
eagerbeaver.jp,3.6,
stylestudio.jp,3.5,
villa-del-sol.jp,3.5,
healthcare-expo.jp,3.5,
xn--vckta6cvfd6b1d8102edgyc.jp,3.5,
cloveryouth.jp,3.5,
deapres.jp,3.5,
b-spot.jp,3.5,
office-kon.jp,3.5,
judo-net.jp,3.5,
k-nagano.jp,3.5,
pachinow.jp,3.5,
ito-michikuni.jp,3.5,
aactokyo.jp,3.5,
tohoku-sb.jp,3.5,
yamayoshi-home.jp,3.5,
wisefinder.jp,3.5,
varitone.jp,3.5,
dresswatch.jp,3.4,
kawasaki-tsunenagatai.jp,3.4,
a-wine.jp,3.4,
materia.jp,3.4,
riversidecafe.jp,3.4,
regold.jp,3.4,
missionspeaker.jp,3.4,
starjacks.jp,3.4,
makiyamazaki.jp,3.4,
katekyo-step.jp,3.4,
mfp.jp,3.4,
style-club.jp,3.4,
simulatio.jp,3.4,
yakinikuhanahiro.jp,3.4,
shinshuwakamono-miraikaigi-fes2025.jp,3.4,
kyoto-umedu.jp,3.4,
growsupport.jp,3.4,
hyuga-eats.jp,3.4,
grus-hair.jp,3.4,
0729.jp,3.4,
meximan.jp,3.4,
veryberry.jp,3.3,
number-one.jp,3.3,
tongariyama.jp,3.3,
revua.jp,3.3,
delist.jp,3.3,
h-m-esthe.jp,3.3,
career21.jp,3.3,
le-sourire.jp,3.3,
kyotoholic.jp,3.3,
theofficialbrand.jp,3.3,
yoibito.jp,3.3,
heart-sewing.jp,3.3,
nifm.jp,3.3,
umechazuke.jp,3.3,
tosa-ms.jp,3.3,
takarakobo.jp,3.3,
moav.jp,3.3,
loveandleaf.jp,3.2,
krnews.jp,3.2,
umedaayaka.jp,3.2,
nodojiman.jp,3.2,
brats.jp,3.2,
aomori-brand.jp,3.2,
saisei-navi.jp,3.2,
eizouken-cafe.jp,3.2,
hiwamatanoboru.jp,3.2,
ikumouzai.jp,3.2,
ozone-mitaka.jp,3.2,
mhelper.jp,3.2,
utopia2.jp,3.2,
cc-production.jp,3.2,
funtime-inc.jp,3.2,
aiel.jp,3.2,
kawagoe-hatsukari.jp,3.2,
universal-watchfair.jp,3.2,
tools-web.jp,3.2,
planethair.jp,3.2,
hokuseirenshop.jp,3.2,
gjsd14.jp,3.2,
ai-srpa.jp,3.2,
ruson.jp,3.2,
fukuoka-takeout.jp,3.2,
m-fa.jp,3.2,
atelier-sucre.jp,3.2,
ringo0080.jp,3.2,
lohdap.jp,3.2,
italia-challenge.jp,3.2,
hamburger-master.jp,3.2,
dotori.jp,3.1,
kyodeki.jp,3.1,
kenary.jp,3.1,
t-gang.jp,3.1,
mwave-lab.jp,3.1,
svs-c.jp,3.1,
premium-miyagi.jp,3.1,
clipperinc.jp,3.1,
masuhiro.jp,3.1,
satsuei.jp,3.1,
sblue.jp,3.1,
shiroiundokoen.jp,3.1,
club-happiness.jp,3.1,
grancasa.jp,3.1,
axia-nagoya.jp,3.1,
frontdeal.jp,3.1,
das-japan.jp,3.1,
badassvibes.jp,3.1,
kensyuservice.jp,3.1,
akiyanokanri.jp,3.1,
ms-jidosha.jp,3.1,
onsite-labo.jp,3.1,
scop-wakayama.jp,3.1,
couplee.jp,3.1,
iitate-village.jp,3.1,
room-s.jp,3.0,
p-1gp.jp,3.0,
apfelbaum.jp,3.0,
wordsandsounds.jp,3.0,
atelady.jp,3.0,
ruedor.jp,3.0,
digital-healthcare.jp,3.0,
kano-lo.jp,3.0,
jin-game.jp,3.0,
mana-pla.jp,3.0,
omscc.jp,3.0,
coplay.jp,3.0,
kikuchi-cosmos-kai.jp,3.0,
naitokensetsu.jp,3.0,
okinawashiawase.jp,3.0,
espstudent-cstaff.jp,3.0,
cable-athlete.jp,3.0,
worshipleadershipacademy.jp,3.0,
yokohama-wine.jp,3.0,
bisenob.jp,3.0,
stellabo.jp,3.0,
tanpopo-komaruyama.jp,3.0,
kiokunoyukue.jp,3.0,
monoeco.jp,2.9,
bc-style.jp,2.9,
rmtsonic.jp,2.9,
sihousyosi-houjyou.jp,2.9,
footage-movie.jp,2.9,
bathtub-movie.jp,2.9,
takadama.jp,2.9,
tango-furusato.jp,2.9,
mobaco.jp,2.9,
chibikko-ooimachi.jp,2.9,
uji-yochien.jp,2.9,
xn--t8j4aa4n5fucva02avff8hb3668m23ob.jp,2.9,
comren.jp,2.9,
commonz.jp,2.9,
veryvery-kakogawa.jp,2.9,
repfit.jp,2.9,
ikesuta.jp,2.9,
automaticmarketing.jp,2.9,
0120141417.jp,2.9,
worldhouse.jp,2.9,
uechiryu.jp,2.9,
roobal.jp,2.9,
matchingmarketing.jp,2.9,
automationmarketing.jp,2.9,
bstyleboxinggym.jp,2.9,
daifuku-waterjet.jp,2.9,
atoriesou.jp,2.9,
prjapan21.jp,2.9,
jojoanime10th-ex-izumi.jp,2.9,
oopstips.jp,2.9,
eshealth.jp,2.9,
atsumitakeuchi.jp,2.9,
katasumi-corner.jp,2.8,
awaji-ebisutei.jp,2.8,
valledaosta.jp,2.8,
sakaguchi-takehiro.jp,2.8,
moeru.jp,2.8,
anac.jp,2.8,
soba-yoshitomo.jp,2.8,
hsgi.jp,2.8,
katasumi-products.jp,2.8,
koyumitsuru.jp,2.8,
le-moment.jp,2.8,
fukuhara-ai.jp,2.8,
jra-summercp-2022.jp,2.8,
otona-juku.jp,2.8,
worldacademy.jp,2.8,
support-giving.jp,2.8,
okitamamed.jp,2.8,
linoanela.jp,2.8,
klavis.jp,2.8,
hagukumuhouse.jp,2.8,
si-solution.jp,2.8,
zenninetyone.jp,2.8,
house-riza.jp,2.8,
blor.jp,2.8,
sentido-architects.jp,2.8,
hiranoclinic-yamanakako.jp,2.8,
cri-websolution.jp,2.8,
ikukyuproject2025.jp,2.8,
trousselier.jp,2.7,
nishikawa-hosp.jp,2.7,
thirsty.jp,2.7,
pepper-mint.jp,2.7,
aihotel-nh.jp,2.7,
pochamani-club.jp,2.7,
yodokon.jp,2.7,
spainn.jp,2.7,
o-esthe.jp,2.7,
greentechlabs.jp,2.7,
legato-studio.jp,2.7,
dream-power.jp,2.7,
atamaholiday.jp,2.7,
ysjc.jp,2.7,
avexlivemag.jp,2.7,
shimindaigaku.jp,2.7,
qsn.jp,2.7,
shugo-chara-ltrcafe.jp,2.7,
kattemeal-ueda.jp,2.7,
inbound-madoguchi.jp,2.7,
stresscare.jp,2.7,
kamimoto.jp,2.6,
ubeaute.jp,2.6,
2town.jp,2.6,
joycasino.jp,2.6,
basiclife.jp,2.6,
sfcc.jp,2.6,
pairing-wine.jp,2.6,
atlas-con.jp,2.6,
5-knot.jp,2.6,
oeconomicus.jp,2.6,
angsana.jp,2.6,
kaminarizushi.jp,2.6,
amarantha-i.jp,2.6,
pro-kaku.jp,2.6,
nudaikuwatai.jp,2.6,
openinnovation.jp,2.6,
joint-ventures.jp,2.6,
nouvent.jp,2.6,
ncu-innovation-fellowship.jp,2.6,
ciaful.jp,2.6,
health-riza.jp,2.6,
smart-relation.jp,2.6,
exterior-riza.jp,2.6,
poll-castor.jp,2.6,
mito-moodle.jp,2.6,
xn--t8j4aa4n689m7xcv28bumy.jp,2.6,
akanebijin-game.jp,2.6,
miwi.jp,2.6,
paint-riza.jp,2.6,
bca-nagoya.jp,2.6,
kimama-travel.jp,2.6,
dental-career.jp,2.5,
hearingaids.jp,2.5,
gururi.jp,2.5,
i-sight.jp,2.5,
fun2.jp,2.5,
cocoalune.jp,2.5,
famitree.jp,2.5,
epoca-hair.jp,2.5,
h323.jp,2.5,
wowow-saiyo.jp,2.5,
jack-rabbits.jp,2.5,
studioroots.jp,2.5,
jc-acg.jp,2.5,
tourisugari.jp,2.5,
pocketclass.jp,2.5,
lavie-enrose.jp,2.5,
nazotoki-chitose.jp,2.5,
sumai-gakko.jp,2.5,
trust-os.jp,2.5,
amo-phys-s-u-tokyo.jp,2.5,
hadashi-run.jp,2.5,
flextime.jp,2.5,
shibata-jkigyou.jp,2.5,
free-news.jp,2.5,
banger-cp.jp,2.5,
businessnews.jp,2.5,
reborn-m.jp,2.5,
nakatombetsublog.jp,2.5,
eatpass.jp,2.5,
restgenol.jp,2.4,
patrick-cox.jp,2.4,
bewleys.jp,2.4,
hotelthedragon.jp,2.4,
powertree-japan.jp,2.4,
kite-mite-imari.jp,2.4,
mihosugata.jp,2.4,
ryomat.jp,2.4,
glanta.jp,2.4,
maxpro.jp,2.4,
kenketsu-heroaca.jp,2.4,
chunichi-eventgifu.jp,2.4,
rimmir.jp,2.4,
eplan.jp,2.4,
riofamily.jp,2.4,
reddishwave.jp,2.4,
home-code.jp,2.4,
tm-n.jp,2.4,
lala-dhaga.jp,2.4,
ecocan.jp,2.4,
rkarchi.jp,2.4,
mct-summit.jp,2.4,
yubell-f.jp,2.4,
usjwebphotostore.jp,2.3,
bright-tokyo.jp,2.3,
drekka.jp,2.3,
chabatake.jp,2.3,
corelady.jp,2.3,
jwalker.jp,2.3,
girlwish.jp,2.3,
reviewers.jp,2.3,
livelog.jp,2.3,
kurama.jp,2.3,
toptravel.jp,2.3,
tuenosho.jp,2.3,
ktz.jp,2.3,
dyslexia-koeda.jp,2.3,
sunpal-shine.jp,2.3,
regia-net.jp,2.3,
emotions.jp,2.3,
sotech.jp,2.3,
karugamo-terrace.jp,2.3,
lib-auto.jp,2.3,
jsmshp35.jp,2.3,
agrienv-econ.jp,2.3,
worldcoach.jp,2.3,
well-pro.jp,2.3,
patisserie-piece.jp,2.3,
activ5.jp,2.3,
foron.jp,2.3,
motherapples.jp,2.3,
ncda.jp,2.3,
manas-bija.jp,2.3,
ncare-workers.jp,2.3,
bridge-kyoto.jp,2.3,
tayoshi.jp,2.3,
sharoushi-navi.jp,2.3,
nakagami-tatami.jp,2.3,
yamacraft.jp,2.3,
huiyou.jp,2.3,
salmonlife.jp,2.3,
muryo-soudan.jp,2.2,
xn--ogtr30bz76a.jp,2.2,
kada-lab.jp,2.2,
fukukuru.jp,2.2,
virtual-tour.jp,2.2,
nijigaokaclinic.jp,2.2,
waiolalife.jp,2.2,
miraime.jp,2.2,
artmake-mania.jp,2.2,
opticalcraft.jp,2.2,
kaihoudo.jp,2.2,
naebaco.jp,2.2,
ferment.jp,2.2,
gatherway.jp,2.2,
hoiku-sapporo.jp,2.2,
biridai.jp,2.2,
aisuikyo.jp,2.2,
studio-lia.jp,2.2,
brandbuyers.jp,2.2,
drone-drone.jp,2.2,
ymd-s.jp,2.2,
meihua.jp,2.1,
christian-tortu.jp,2.1,
uvii.jp,2.1,
ib-kensetsu.jp,2.1,
max-online.jp,2.1,
myopensystem.jp,2.1,
ojijinja.jp,2.1,
ecure.jp,2.1,
herowarz.jp,2.1,
childcall.jp,2.1,
uwakichousa-q.jp,2.1,
donbei-guzai.jp,2.1,
fm-chubu.jp,2.1,
enfc.jp,2.1,
nakanokoumuten.jp,2.1,
hana-moji.jp,2.1,
bbqace.jp,2.1,
cellwell.jp,2.1,
tyfarm.jp,2.1,
hashishin-lab.jp,2.1,
boxpark.jp,2.1,
pegetaful.jp,2.1,
mecs.jp,2.1,
haneda-denki.jp,2.1,
sy-k.jp,2.1,
nakagawa-ganka.jp,2.1,
volga.jp,2.1,
moji-club.jp,2.1,
bizpale.jp,2.1,
batic.jp,2.1,
arcblock.jp,2.1,
sanyoju-recruit.jp,2.1,
kadai-kango.jp,2.1,
liberte-square.jp,2.1,
konohamusubi.jp,2.1,
mind-universe.jp,2.1,
hyperion-jinzai.jp,2.1,
sea-jewelry.jp,2.1,
dddlab.jp,2.1,
chase-mc.jp,2.1,
motopower.jp,2.0,
xn--seo-3j4boh8e.jp,2.0,
eduai.jp,2.0,
heavenlyblue.jp,2.0,
awoi.jp,2.0,
anichara-style.jp,2.0,
laughwrinkles.jp,2.0,
oolder.jp,2.0,
remembrance.jp,2.0,
younashi.jp,2.0,
loz.jp,2.0,
technical-vision.jp,2.0,
poccapoca-grants.jp,2.0,
early-bird.jp,2.0,
parking-chibakotsu.jp,2.0,
chinese-kitchen-doragon.jp,2.0,
gospelonline.jp,2.0,
zenryukyo.jp,2.0,
sho-in-webschool.jp,2.0,
kiyoshi-otakara.jp,2.0,
pracareer.jp,2.0,
mono-connection.jp,2.0,
jokinsui.jp,2.0,
marvoco.jp,2.0,
sanshin-ba.jp,2.0,
maruyamakaisan.jp,2.0,
ortho-expert.jp,2.0,
h-kikaku.jp,2.0,
barrister.jp,2.0,
jcerg2023.jp,2.0,
gyneyoga.jp,2.0,
sy-cure.jp,1.9,
fastplants.jp,1.9,
symposion.jp,1.9,
geeek.jp,1.9,
bonica.jp,1.9,
yourtime.jp,1.9,
selfishdiner.jp,1.9,
paper180.jp,1.9,
fortune-21.jp,1.9,
pan-de-eterna.jp,1.9,
it-ch.jp,1.9,
houtoku-tochi.jp,1.9,
mylife.jp,1.9,
iwasaki-seikei.jp,1.9,
innovasia-mj.jp,1.9,
cubelic.jp,1.9,
zkb.jp,1.9,
scoopkids.jp,1.9,
healthweather.jp,1.9,
yamaguchi-gikai.jp,1.9,
fessel.jp,1.9,
ohmydot.jp,1.9,
luckyitem.jp,1.9,
oboshijinja.jp,1.9,
rvpa-kuiwatesan.jp,1.9,
follow-ltd.jp,1.9,
gochinavi.jp,1.9,
okinawanewsnet.jp,1.9,
archism.jp,1.9,
kmbis-tsurumai.jp,1.9,
link-jp.jp,1.9,
joyfulmusic.jp,1.9,
kukubooks.jp,1.9,
dinnerbegood.jp,1.9,
nx-careerroad-job.jp,1.9,
okadashika.jp,1.8,
tenkatsu.jp,1.8,
trendle.jp,1.8,
funavi.jp,1.8,
m-blog.jp,1.8,
aka-studio.jp,1.8,
crowe.jp,1.8,
kyushu-turkey.jp,1.8,
dopyu.jp,1.8,
ujc.jp,1.8,
suusan.jp,1.8,
cc-core.jp,1.8,
athenee-college.jp,1.8,
smcdesign.jp,1.8,
bankerscircle.jp,1.8,
kikoeru-hochouki.jp,1.8,
iconclub.jp,1.8,
shionomori-okinawa.jp,1.8,
alplaza-korien.jp,1.8,
natamame-daisen.jp,1.8,
takamoto-shoji.jp,1.8,
kamty.jp,1.8,
koenavi.jp,1.8,
gingham.jp,1.8,
berufbrot.jp,1.8,
tokyo-hkensyu.jp,1.8,
p-virtual.jp,1.8,
long-table.jp,1.8,
j-ffea.jp,1.8,
japanesefood.jp,1.8,
libertyjapan.jp,1.8,
navi-nex.jp,1.8,
ecodesys.jp,1.8,
netgamermt.jp,1.7,
rokko-maya.jp,1.7,
pecon.jp,1.7,
ijuteiju-takahagi.jp,1.7,
spito-kumamoto.jp,1.7,
sasasado.jp,1.7,
zen-massage.jp,1.7,
tsuji-seikei.jp,1.7,
3d-material.jp,1.7,
vjct.jp,1.7,
tokusimalacampagne.jp,1.7,
coffee-kimame.jp,1.7,
brist-vision.jp,1.7,
egoffice.jp,1.7,
suibun.jp,1.7,
kotakamori.jp,1.7,
ohki-atsushi.jp,1.7,
inuzukaseimen.jp,1.7,
cloudagent.jp,1.7,
zontes.jp,1.7,
boniq-map.jp,1.7,
laccord.jp,1.7,
beyond-ibaraki.jp,1.7,
sports-movie.jp,1.7,
sensyu-shougai.jp,1.7,
nakaekenchiku.jp,1.7,
hidamari-okinawa.jp,1.7,
yumikonakamura.jp,1.6,
mihara-dental.jp,1.6,
baxtusai-navi.jp,1.6,
takanonaisou.jp,1.6,
lilcoco.jp,1.6,
freebord.jp,1.6,
banana-friend.jp,1.6,
0874music.jp,1.6,
hakke.jp,1.6,
cassiopeia-iwate.jp,1.6,
gpaint.jp,1.6,
biseikatsu.jp,1.6,
gerard.jp,1.6,
verdy-misasa3.jp,1.6,
kouhoku70th.jp,1.6,
hymstore.jp,1.6,
fujitanotokoya.jp,1.6,
thetime.jp,1.6,
swift-migration-guide.jp,1.6,
nikai-nobuyasu.jp,1.6,
zenmoku-data.jp,1.6,
shepherdinc.jp,1.6,
mgri.jp,1.6,
mygreengolf.jp,1.6,
shinei11.jp,1.6,
kitanaka-kazuo.jp,1.6,
nakayoshizukou.jp,1.6,
kunrencenter.jp,1.6,
sepmag.jp,1.6,
japan-enterprise.jp,1.6,
onrecord.jp,1.6,
fukuiou-quiz.jp,1.6,
ecbranding.jp,1.6,
repairthreebrothers.jp,1.6,
haisuikanosoji.jp,1.6,
darenimoienai.jp,1.6,
fig-net.jp,1.5,
kanimeshi.jp,1.5,
sotao.jp,1.5,
utsuke.jp,1.5,
zic.jp,1.5,
skoool.jp,1.5,
lankuuno.jp,1.5,
trl-shinfukushima.jp,1.5,
theaterofterror.jp,1.5,
setsuyaku-channel.jp,1.5,
hw-izumi.jp,1.5,
wham-o.jp,1.5,
sesmedia.jp,1.5,
morinohikari.jp,1.5,
smartlife-kyoto.jp,1.5,
gordes.jp,1.5,
tamazen-midoriku.jp,1.5,
miyazaki-filmfestival.jp,1.5,
j-world.jp,1.5,
shokai.jp,1.5,
mr-rental.jp,1.5,
kirin-style.jp,1.5,
ibc-vip.jp,1.5,
schooleye.jp,1.5,
clubalpha.jp,1.5,
cresia.jp,1.5,
ikude.jp,1.5,
3rd-cuncunspa.jp,1.5,
naturall.jp,1.5,
supplement-training.jp,1.5,
