プログラム名,会社名,広告主名,a8,a8_該当案件名,accesstrade,accesstrade_該当案件名,afb,afb_該当案件名,moshimo,moshimo_該当案件名
「JTB旅物語」旅行予約プロモーション,株式会社JTB,ＪＴＢ旅物語公式サイト,◎,「JTB旅物語」旅行予約,,,○,【JTB】国内旅行,,
大手現役人事が就活サポート【ユメキャリ就職エージェント】,Reve Career Agency株式会社,ユメキャリ就職エージェント,◎,大手現役人事が手掛ける完全無料の就活サポート【ユメキャリ就職エージェント】,,,,,,
大手企業人事が転職をサポート／ユメキャリ転職エージェント,Reve Career Agency株式会社,ユメキャリ就職エージェント,◎,大手現役人事が手掛ける完全無料の就活サポート【ユメキャリ就職エージェント】,,,,,,
JR東日本びゅうツーリズム＆セールスツアー参加成果プログラム,株式会社JR東日本びゅうツーリズム＆セールス,日本の旅、鉄道の旅 (国内旅行予約)｜JR東日本びゅうツーリズム＆セールス,,,,,○,人気の鉄道の旅・温泉連泊ツアーなど国内旅行なら【日本の旅 鉄道の旅】,,
Audibleアフィリエイト紹介プログラム,"Audible, Inc.",Audible,◎,AmazonのオーディオブックAudible,,,,,,
Udemy　アフィリエイトプログラム,"Udemy, Inc.",Udemy,,,,,,,,
経済ニュースの決定版「日経電子版」申込プロモーション,株式会社日本経済新聞社,日経電子版,○,1日2問でアウトプット習慣を身に付けよう！【トキアカ】,,,,,,
[スタジオツアー東京]チケット販売促進プログラム,ワーナー ブラザース スタジオ ジャパン合同会社,ワーナー ブラザース スタジオツアー東京,,,,,,,,
【GOM Lab】動画編集・録画・再生ソフト等 購入プログラム,GOM&Company,GOM ラボソフト,○,コスパ抜群の動画キャプチャーソフト【GOM Cam(ゴムカム)】,,,◎,動画関連ソフトウェアサービス【GOM Lab】,,
13年連続利用者数No.1　塾予備校検索サイト【塾ナビ】,株式会社イトクロ,塾ナビ,,,,,○,全国50社以上の会社からお子様にぴったりの家庭教師が比較できる【家庭教師比較ネット】,,
エノサポ就活,株式会社エノバンス,エノサポ就活,◎,エノサポ就活｜早く内定が欲しいあなたへ！最短1週間で内定へ導く伴走支援型エージェントサービス,,,,,,
オークションサイトeBay公認【セカイモン】販売促進プログラム,"ショップエアラインアメリカインク（Shop Airlines America, Inc.）",セカイモン,,,◎,セカイモン,,,,
こどもふるさと便,ネッスー株式会社,こどもふるさと便,,,,,,,,
TikTok Shopアフィリエイトプログラム,Bytedance株式会社,TikTok Shop,◎,【TikTok Shop】「探して買う」から「見つけて買う」ショート動画×ECの新たな体験,◎,TikTok Shop　【リピート用プログラム】,◎,[スマートフォン専用]【TikTok Shop】「探して買う」から「見つけて買う」ショート動画×ECの新たな体験,,
ツクールアフィリエイトプログラム,株式会社Gotcha Gotcha Games,RPG Maker Official Store,,,,,,,,
鈴廣オンラインショップ/蒲鉾の販売促進プログラム,鈴廣かまぼこ株式会社,鈴廣オンラインショップ,◎,【慶応元年創業鈴廣蒲鉾】かまぼこのある暮らし鈴廣オンラインショップ,,,,,,
現地オプショナルツアー予約＆観光旅行【VELTRA-ベルトラ】,ベルトラ株式会社,VELTRA,◎,現地オプショナルツアー予約＆観光旅行【VELTRA-ベルトラ】,◎,VELTRA（ベルトラ）,◎,現地オプショナルツアー予約＆観光旅行【VELTRA-ベルトラ】,,
【坂ノ途中OnlineShop】お野菜と日々のお店,株式会社坂ノ途中,坂ノ途中OnlineShop,◎,【坂ノ途中OnlineShop】お野菜と日々のお店,,,○,【坂ノ途中】うれしいおまけ付き！旬のお野菜セット定期宅配,,
WAVEWAVE  Radiant Grace特別セット,有限会社セブンウェイブ,wavewave　Radiant Grace,,,,,,,,
駅前留学NOVAの無料体験レッスン来校,株式会社NOVAランゲージカンパニー,駅前留学NOVA公式サイト,,,,,,,◎,駅前留学NOVA｜英会話スクールの無料体験レッスン来校
AliExpressアフィリエイトプログラム,Alibaba.com,AliExpress,,,,,◎,【AliExpress Japan（アリエクスプレスジャパン）】激安総合ECサイト！高品質で低価格の製品をオンラインで！,,
新商品 ヒト幹細胞美容液販売サイト【バイオステム】促進プログラム,株式会社BPダイレクト,BPダイレクトオンラインショップ,,,,,,,,
HUGO BOSSアフィリエイトプログラム,HUGO BOSS AG,HUGO BOSS,,,,,◎,高級感とシンプルさを兼ね備えたドイツのファッションブランド【HUGO BOSS（ヒューゴボス）】,,
ブーリスチェアオンラインストア-Master Neo&Master Rex,株式会社ブーリス,ブーリスチェアオンラインストア,,,,,,,,
マネーフォワード ME,株式会社マネーフォワード,マネーフォワード ME,○,会計業務を約1/2に削減するクラウド会計ソフト【マネーフォワード クラウド会計 】,◎,マネーフォワード ME,,,,
airalo 紹介プログラム,AIRGSM PTE. LTD.,airalo,,,◎,Airalo eSIM,◎,海外旅行者向けeSIM【Airalo】,,
「AI中国語コーチPAO」LINE登録促進プログラム,株式会社Rungar,AI中国語コーチPAO,,,,,,,,
サジー通販のフィネス,株式会社フィネス,サジーのフィネス,○,SNSで話題の今がチャンス！！認知度が高く売りやすい【豊潤サジー】,,,,,,
Watepoint ポット型浄水器Lifewater Jug販売促進プログラム,ウォーターポイント株式会社,waterpoint公式HP,,,,,,,,
anote,株式会社klikes,anote,,,,,,,,
ドライドックフード「クラーノ」「ウルフインサイト」販促プログラム,株式会社Pontely,Pontely Foods,○,中大型犬向けグレインフリードックフード【WOLF INSIGHT】,,,,,,
ATIDIMU公式｜メンズスキンケア・ギフト通販,株式会社アドスインターナショナル,ATIDIMU公式ストア,○,男性へのプレゼントにも。レチノール配合のメンズスキンケア【ATIDIMU】,,,,,,
【ノムコム】野村不動産ソリューションズの不動産サイト（資料請求）,野村不動産ソリューションズ株式会社,ノムコム,◎,無料査定依頼キャンペーン【ノムコム】,,,,,,
MUK OFFICIAL ONLINE STORE,株式会社MUK,MUK OFFICIAL ONLINE STORE,◎,MUK OFFICIAL ONLINE STORE,,,,,,
九州エリアの電力サービス【新出光 / イデックスでんき】,株式会社新出光,イデックスでんき,,,,,◎,電気代を賢く変える！「市場価格電気」という選択肢【イデックスでんき】,,
【初月無料 / PayPayキャンペーン実施中】Yahoo!ファイナンスVIP倶楽部,LINEヤフー株式会社,Yahoo!ファイナンスVIP倶楽部,○,業界トップクラスの車買取実績安心の証【carview!】,,,,,,
マンション投資のことなら【プレサンスグループ】,株式会社プレサンスコーポレーション,プレサンスネクスト,,,,,,,,
日本全国のオプショナルツアーの比較・予約はおまかせ！旅プラスワン,オンライントラベル株式会社,旅プラスワン,,,,,,,,
ペリカン石鹸販売促進プログラム,株式会社ペリカン石鹸,ペリカン石鹸公式オンラインショップ,,,◎,ペリカン石鹸,,,,
ホソカワミクロン公式通販【薬用ナノインパクト8】定期購入プログラム,ホソカワミクロン株式会社,ホソカワミクロン公式通販,,,,,,,,
【ゼクシィ相談カウンター】来店プログラム,株式会社リクルート,ゼクシィ相談カウンター,◎,会場探し、結婚準備に迷ったら【相談無料】ゼクシィ相談カウンター,,,○,ホテル・宿予約サイトなら【じゃらんnet】WEB予約,,
Plaud JPアフィリエイトプログラム,PLAUD株式会社,Plaud JP,○,世界150万人が愛用！あなたの生産性を最大化！AI搭載のボイスレコーダー「Plaud」,,,○,【Plaud.ai】世界100万人が愛用！あなたの生産性を最大化！AIアシスタント,,
転職サイト【障害者雇用枠求人】無料相談登録申込プログラム,株式会社idioms,障がい者就職支援受付窓口,,,,,,,,
海外eSIM No.1アプリ　トリファ,株式会社トリファ,トリファ,◎,国内eSIMアプリNo1！海外旅行通信の新定番【トリファ（trifa）】,,,◎,[アプリ]【トリファ（trifa）】スマホeSIMアプリでSIMカード不要の海外旅行,,
自宅にいながらブランド品を現金化セカンドストリートブランド出張買取,株式会社セカンドストリート,セカンドストリートブランド出張買取,◎,自宅にいながらブランド品を現金化！セカンドストリートブランド出張買取,◎,セカンドストリートブランド出張買取,,,,
カジュアルライフスタイルブランド「'47（フォーティーセブン）」,ニューエラジャパン合同会社,'47（フォーティセブン）公式オンラインストア,,,,,,,,
日本最大級のラブホテル検索＆予約サイト【ハピホテ】,株式会社USEN-ALMEX,ハピホテ（HAPPY HOTEL）,,,,,,,,
日本初！「介護×美容」専門のプロフェッショナルスクール,株式会社ミライプロジェクト,介護美容研究所LP,◎,日本初！「介護×美容」専門のプロフェッショナルスクール＋【介護美容研究所】,,,○,ケアビューティストを目指すなら【介護美容研究所】,,
日本製サプリメント【ダイケンバイオメディカル】販売促進プログラム,大研ハイオメティカル株式会社,ダイケンバイオメディカルオンライン,,,,,,,,
au Online shop +1 collection,KDDI株式会社,au Online Shop +1 collection,○,おうちの家族をそっと見守り 【 au 見守りプラグ】,,,,,,
報酬UP中｜美容医療発想のホームケアブランド【Xology】,株式会社Xology,Xology,,,,,,,,
vidaXL JP プロモーションプログラム,vidaXL合同会社,vidaXL Japan official site,,,,,,,,
総合ECサイト「産経ネットショップ」販売促進プログラム,株式会社産経デジタル,産経ネットショップ,,,,,,,,
カタログ通販「セシール」の公式オンラインショップ,株式会社セシール,セシール,,,,,,,,
ソフトバンクグループ運営の通信制大学【サイバー大学】,株式会社サイバー大学,サイバー大学,◎,ソフトバンクグループ運営の通信制大学【サイバー大学】,,,,,,
Amazon Prime Video紹介プログラム,Amazon.com Services LLC,Amazon Prime Video アフィリエイトプログラム,,,,,,,,
LINE MUSIC（WEB）「新規会員登録プログラム」,LINE MUSIC株式会社,LINE MUSIC（Web）,,,,,,,,
ハーマンミラーストア,MillerKnoll,ハーマンミラーストア,◎,アーロンチェア等モダン家具の名門【ハーマンミラーストア】,◎,ハーマンミラーストア,,,,
自然化粧品研究所（LINE友だち追加）,株式会社自然化粧品研究所,自然化粧品研究所,,,,,,,,
スキンケア化粧品ブランド「自然化粧品研究所」販売促進プログラム,株式会社自然化粧品研究所,自然化粧品研究所,,,,,,,,
ギフトカード専門オンラインストア「AOYAMA GIFT SALON」,株式会社AoyamaLab,AOYAMA GIFT SALON,,,,,,,,
【医療キャリアナビ】無料転職サポート申し込みプログラム,株式会社ヒトイキ,医療キャリアナビ,○,国内最大級の治療家(マッサージ師)特化の人材紹介【マッサージキャリアナビ】,,,,,,
誰でも簡単にオリジナルグッズを1個から作れて販売できるME-Q（メーク）,株式会社ＭＡＷ,ME-Q,,,,,,,,
ウィスキー・スピリッツ専門店【MALKS（モルクス）】,株式会社ベルーナ,MALKS,,,◎,MALKS（モルクス）,◎,ウィスキー・スピリッツ専門店【MALKS（モルクス）】,,
WOWOWオンデマンド,株式会社WOWOW,WOWOWオンデマンド,◎,【映画・スポーツ・海外ドラマみるなら】WOWOWオンデマンド,,,◎,いつでもどこでもWOWOWを楽しめる番組配信サービス【WOWOWオンデマンド】,◎,WOWOW（ワウワウ）｜WOWOWオンデマンドの有料会員登録
【日本航空】手荷物当日配送サービス,日本航空株式会社,手荷物当日配送サービス,,,,,,,,
BL同人作品DL販売サイト（同人誌、コミック、ボイス） 【らぶカル】,株式会社デジタルコマース,BL同人作品DL販売サイト（同人誌、コミック、ボイス） 【らぶカル】　初回購入完了,○,【高収入求人！】業界大手チャットガール募集！【FANZAライブチャット】,,,◎,BL同人作品DL販売サイト（同人誌、コミック、ボイス） 【らぶカル】　初回購入完了,,
にゃんこWi-Fi｜縛りなし＆業界最安級ポケットWi-Fi,株式会社にゃんこカンパニー,にゃんこWi-Fi,◎,"【にゃんこWi-Fi】縛りなし2,200円〜格安ポケットWiFi",◎,にゃんこWi-Fi,◎,"月額2,200円～ポケット型Wi-Fi【にゃんこWi-Fi】",,
日本旅行ホームページ（LINE友だち追加）,株式会社日本旅行,日本旅行ホームページ,○,お得なツアーを多数掲載【国内ツアー】,,,,,,
東邦ガス｜オール電化世帯向けプラン（夜トクプラン）,東邦ガス株式会社,東邦ガス,◎,「東邦ガスのガス・電気セット契約」で引越し先の光熱費がおトクに！【東邦ガス】,,,,,,
資生堂パーラー購入プロモーション,株式会社資生堂パーラー,資生堂パーラーオンラインショップ,,,,,,,,
海外発送サービス「ポチロジ」お問い合わせプログラム,株式会社ビィ・フォアード,ポチロジ 海外輸送サービス,,,,,,,◎,ポチロジ｜海外発送サービスへのお問い合わせ
展示場見学予約サービス「ホムホム」販売促進プログラム,株式会社プロクラ,ホムホム,◎,全国複数のハウスメーカーの展示場見学予約サービス【ホムホム】,,,,,,
株式会社オズテック「OZgaming」販売促進プログラム,株式会社オズテック,OZgaming,◎,コスパ×デザインで注目急上昇！BTOゲーミングPC【OZ GAMING】,,,,,,
高速バスドットコム,オンライントラベル株式会社,高速バスドットコム,,,,,,,,
ミニPC専門店、MINISFORUM日本公式ストア 毎月お得キャンペンーン実施中,Micro Computer (HK) Tech Limited,Minisforum日本公式ストア,,,,,,,,
テスコム公式オンラインショップ 家電販売プログラム,エレコム株式会社,テスコムオンラインショップ,○,血行促進×疲労回復。着るだけでカラダが整う機能性ウェア【ECLEAR リカバリーウェア】,,,,,,
アニメやゲームとコラボしたアパレル・グッズ通販「SuperGroupies」,株式会社アニウェア,SuperGroupies,,,,,,,,
世界を代表する高級家具を250社以上取扱う「DOPA」　販売促進プログラム,株式会社DOPA,DOPAオンラインストア,◎,DOPAオリパ | 業界最大級・高還元のオンラインオリパ,,,,,,
たまひよSHOP アフィリエイトプログラム,株式会社ベネッセコーポレーション,たまひよSHOP,,,,,,,,
Wan-Voyage（ワンボヤージュ）- お洒落なドッグウェア 犬服のお店,株式会社アルク・ロース,Wan-Voyage（ワンボヤージュ）- お洒落なドッグウェア 犬服のお店,,,,,,,,
賢い大人のモニターサイト　スマモ二,株式会社ベストナビ,賢い大人のモニターサイト スマモニ,○,【スマモ二】賢い女性のお試しサイト,,,○,【スマモニ】賢い女性のお試しサイト 新規会員登録完了（※女性限定）,,
Samsungオンラインショップ,サムスン電子ジャパン株式会社,サムスンオンラインショップ,,,,,,,,
キャリーケース・バッグ通販「エンドーラゲージストア」,エンドー鞄株式会社,エンドーラゲージストア,,,,,,,,
着物・振袖宅配レンタルサービス「きものレンタリエ」,株式会社和とわ,きものレンタリエ,,,,,,,,
４℃ブライダル（結婚指輪・婚約指輪）｜来店予約促進プログラム,株式会社エフ・ディ・シィ・プロダクツ,4℃ブライダルオフィシャルサイト,,,,,,,,
LINE MUSIC「新規加入促進プログラム」,LINE MUSIC株式会社,LINE MUSIC,,,,,,,,
BOOK☆WALKER　新規会員プログラム,株式会社ドワンゴ,BOOK☆WALKER,,,,,,,,
ULTORA「国産プロテイン」販売促進プログラム,株式会社ULTORA,ULTORAオンラインストア,◎,【国産高品質】ULTORAプロテイン,,,◎,累計販売個数250万個突破！【国産高品質 ボディメイクブランドULTORA】,,
ペットのオーダーメイドグッズ「＆UCHInoCO」,株式会社ヤマダ,＆UCHInoCO,,,,,,,,
タイヤ通販【ブリヂストンタイヤオンラインストア】販売促進プログラム,ブリヂストンBMS株式会社,ブリヂストンタイヤオンラインストア,○,新品タイヤ＋メンテナンス＋パンク補償の月額タイヤサービス【mobox】,,,,,,
電子コミックサイト　ブッコミ　月額コース契約プログラム,株式会社BookLive,ブッコミ,,,,,,,,
【オルビス商品別プロモ】クレンジングオイル＜還元400円ポイント＞,オルビス株式会社,オルビス(物販/定額),○,肌の乾燥が気になる方に。オルビスのインナーケア『ディフェンセラ』,,,,,,
【NEWT】海外旅行プログラム,株式会社令和トラベル,NEWT,◎,かしこい、おトク、旅行アプリ【NEWT(ニュート)】,,,○,【クローズド】,,
ファッション通販サイト『WORLD ONLINE STORE』_モール用,株式会社ファッション・コ・ラボ,WORLD ONLINE STORE(ワールド オンラインストア),,,,,,,,
40~50代のIT人材向け転職支援【エイジレスエージェント】,株式会社エイジレス,エイジレスエージェント,,,,,,,,
パーソルクロステクノロジー_派遣,パーソルクロステクノロジー株式会社,パーソルクロステクノロジー,,,◎,パーソルクロステクノロジー　フリーランスサービス,,,,
マホロバ・マインズ三浦,株式会社 四季の自然舎,マホロバ・マインズ三浦,,,,,,,,
大自然阿蘇健康の森,株式会社阿蘇ファームランド,大自然阿蘇健康の森,,,,,,,,
名刺・封筒やチラシ印刷ならネット印刷の「Suprint / スプリント」,株式会社ugo,Suprint / スプリント,○,チラシ印刷から配布まで!ワンストップで完結する総合印刷サービス。ネット印刷なら【スプリント】,,,,,,
机や椅子などのオフィス家具通販【オフィスコム】,オフィスコム株式会社,オフィスコム,◎,机や椅子などの【オフィス家具通販のオフィスコム】,,,,,,
日本直販,日本直販株式会社,日本直販,,,,,,,,
キングジム公式オンラインストア販売促進プログラム,株式会社キングジム,キングジム公式オンラインストア,,,,,,,,
OZmall(オズモール) プレミアム予約【ビューティ】,スターツ出版株式会社,OZmall(オズモール),◎,脱毛は男のたしなみ【RBL_ローランドビューティーラウンジ】,◎,SNIDEL BEAUTY(スナイデル ビューティ),◎,OZmall(オズモール) プレミアム予約【ビューティ】ヘアサロン・美容院・美容室予約、リラクゼーション・マッサージサロン予約,,
カラコン通販 【MORECONTACT（モアコンタクト）】,株式会社Rise UP,カラコン通販モアコンタクト,,,◎,MoreContact（モアコンタクト）,,,,
害虫駆除「シロアリ防除」無料床下診断,株式会社アサンテ,シロアリ対策のプロ「アサンテ」,,,,,,,,
世界一面白いお菓子屋さん【PAPABUBBLE（パパブブレ）公式ECストア】,株式会社PAPABUBBLE,PAPABUBBLE ONLINE,,,,,,,,
日本橋いなば園 販売促進プログラム,株式会社いなば園,日本橋いなば園 公式オンラインショップ,,,,,,,,
【学習塾なら個別指導の明光義塾】資料請求プログラム,株式会社明光ネットワークジャパン,学習塾なら個別指導の明光義塾,○,明光義塾が提供する民間学童・英語学童保育【明光キッズ/明光キッズe】,,,,,,
【学習塾なら個別指導の明光義塾】無料体験授業プログラム,株式会社明光ネットワークジャパン,学習塾なら個別指導の明光義塾,○,明光義塾が提供する民間学童・英語学童保育【明光キッズ/明光キッズe】,,,,,,
看護師求人サイト【長期派遣】登録申込プログラム,株式会社スーパーナース,スーパーナース,,,,,,,,
フィギュア・ホビー・アニメグッズ【オンラインストアMETALBOX】,株式会社METALBOX,METALBOXオンラインストア,◎,フィギュア・ホビー・ファンシーグッズなら【METAL BOX】,,,,,,
取扱商品20万点以上！オフィス家具・インテリア通販「LOOKIT」,株式会社Netforce,オフィス家具通販 LOOKIT! (ルキット) 【公式】,,,,,,,,
WEGOの公式通販サイト「WEGO ONLINE STORE」,株式会社ウィゴー,WEGO ONLINE STORE,,,,,,,,
無料保険相談「保険マンモス」面談実施プログラム,保険マンモス株式会社,保険マンモス,◎,FP無料保険相談【保険マンモス】,◎,保険マンモス,◎,保険の無料相談なら【保険マンモス】,,
ニューオータニイン横浜プレミアム,エイチアールティーニューオータニ株式会社,ニューオータニイン横浜プレミアム,,,,,,,,
ニューオータニイン東京,エイチアールティーニューオータニ株式会社,ニューオータニイン東京,,,,,,,,
女性専用ジムFURDI(ファディー)の入会プログラム,株式会社FURDI,FURDI,◎,女性専用AIパーソナルトレーニングジム FURDI（ファディー）,,,◎,女性専用のAIパーソナルトレーニング【FURDI】,◎,FURDI（ファディー）｜【集客強化案件】ブランデつくば並木店　女性専用パーソナルトレーニングジムの無料体験申込
OZmall(オズモール) プレミアム予約【トラベル】,スターツ出版株式会社,OZmall(オズモール),◎,トルコツアー専門旅行会社　ターキッシュエア＆トラベル 満足度97%7年継続中,,,◎,OZmall(オズモール) プレミアム予約【ビューティ】ヘアサロン・美容院・美容室予約、リラクゼーション・マッサージサロン予約,◎,ターキッシュエア&トラベル｜海外旅行『トルコ5つの世界遺産周遊ツアー』の予約
製造技術者スカウトサービス「MillCrew（ミルクル）」,株式会社MAZIN,MillCrew | 技術者のための ?製造業特化型 ?スカウトサービス,,,,,,,,
テーラーメイド,テーラーメイド ゴルフ株式会社,テーラーメイドゴルフ,,,,,,,,
新品タイヤ＋メンテナンス＋パンク補償の月額タイヤサービス【mobox】,ブリヂストンBMS株式会社,mobox,◎,新品タイヤ＋メンテナンス＋パンク補償の月額タイヤサービス【mobox】,,,,,,
海外旅行一括見積サイト「タウンライフ旅さがし」,タウンライフ株式会社,タウンライフ土地活用,,,,,,,◎,タウンライフ旅さがし｜海外旅行プランの無料一括見積もり
海外旅行一括見積サイト「タウンライフ旅さがし」ハネムーンLP,タウンライフ株式会社,タウンライフ土地活用,,,,,,,◎,タウンライフ旅さがし｜海外旅行プランの無料一括見積もり
【タウンライフ】不動産購入,タウンライフ株式会社,タウンライフ土地活用,,,,,,,◎,タウンライフ旅さがし｜海外旅行プランの無料一括見積もり
【タウンライフ】家づくり,タウンライフ株式会社,タウンライフ土地活用,,,,,,,◎,タウンライフ旅さがし｜海外旅行プランの無料一括見積もり
【タウンライフ】リフォーム,タウンライフ株式会社,タウンライフ土地活用,,,,,,,◎,タウンライフ旅さがし｜海外旅行プランの無料一括見積もり
【タウンライフ】エクステリア,タウンライフ株式会社,タウンライフ土地活用,,,,,,,◎,タウンライフ旅さがし｜海外旅行プランの無料一括見積もり
【タウンライフ】土地活用,タウンライフ株式会社,タウンライフ土地活用,,,,,,,◎,タウンライフ旅さがし｜海外旅行プランの無料一括見積もり
スカルプブラシ「エス・ハート・エス公式Yahoo!店」,株式会社サントレッグ,エス・ハート・エス公式Yahoo!店,,,,,,,,
aandfonlinestore,株式会社エイアンドエフ,aandfonlinestore,,,,,,,,
カメラ・家電・ドレス・スーツケースのレンタル・サブスク レンティオ,レンティオ株式会社,家電のサブスク・レンタルサービス「レンティオ」,,,,,,,,
VAIOストア 販売促進プログラム,VAIO株式会社,VAIOストア,,,,,,,,
トルコ専門旅行会社【ターキッシュエア＆トラベル】申込みプログラム,株式会社EVENT LAB,ターキッシュエア&トラベル,◎,トルコツアー専門旅行会社　ターキッシュエア＆トラベル 満足度97%7年継続中,,,,,◎,ターキッシュエア&トラベル｜海外旅行『トルコ5つの世界遺産周遊ツアー』の予約
日本最大級のお仕事マッチングサイト【クラウドワークス】,株式会社クラウドワークス,クラウドワークス,◎,フリーランス向けエージェント・求人紹介サービス【クラウドワークス テック】,◎,クラウドワークス,◎,仕事の種類は200種類以上！簡単ネット発注【クラウドワークス】,,
電子書籍サイト「アニメイトブックストア」販促,株式会社アニメイトブックストア,アニメイトブックストア,,,,,,,,
TSUTAYADISCAS　コミックレンタル,カルチュア・エンタテインメント株式会社,TSUTAYADISCAS　コミックレンタル,○,「TSUTAYA DISCAS」内プラン「定額レンタル8ダブル」新規会員登録,,,,,,
自宅と空港をつなぐエアポートシャトルで、次の旅がシェアでおトクに！,株式会社NearMe,nearMe,○,【空港送迎】自宅と空港をつなぐエアポートシャトルで、次の旅がシェアでおトク になる,,,◎,【nearMe.Airport】自宅/ホテルと空港を結ぶ次世代空港送迎サービス,,
テーブルウエアブランド(食器や花瓶)【IITTALA】販売促進プログラム,フィスカースジャパン株式会社,イッタラ 公式オンラインショッピング,,,,,,,,
テーブルウエアブランド(食器や花瓶)【ROYAL COPENHAGEN】販売促進プログラム,フィスカースジャパン株式会社,ロイヤルコペンハーゲン公式オンラインストア,,,,,,,,
アニメ・エンタメ見放題！14日間無料！【DMMプレミアム（DMM TV）】,合同会社DMM.com,DMM TV,◎,アニメ・エンタメ見放題！14日間無料！【DMMプレミアム（DMM TV）】,◎,DMMプレミアム（DMM TV）,◎,アニメ・エンタメ見放題、コスパ最強月額550円【DMM TV】新規会員登録,◎,DMM TV｜DMM TVの会員登録
本革バッグ屋TIDING SHOPヤフーストア【店舗別プログラム】,阿部商事株式会社,TIDING SHOP,,,,,,,,
音声ドラマ配信サービス「ポケットドラマCD（ポケドラ）」,株式会社アニメイト,ポケットドラマCD,○,日本最大級アニメグッズ専門チェーンストア「アニメイト」,,,,,,
Yahoo!トラベル「ヤフーパック（宿泊＋航空券）JAL便利用」プログラム,LINEヤフー株式会社,ヤフートラベル（宿泊＋航空券）,○,業界トップクラスの車買取実績安心の証【carview!】,,,,,,
若手ハイエンド特化の転職サイト『ASSIGN』,株式会社アサイン,若手ハイエンド特化の転職サイト『ASSIGN』,◎,若手ハイエンド特化の転職エージェント【ASSIGN AGENT】,◎,若手ハイエンド向け転職サイト『ASSIGN』,◎,[スマートフォン専用]若手ハイエンド向け転職サイト『ASSIGN』,◎,【SNSメディア用】ASSIGN（旧VIEW）｜若手ハイエンド向け転職サイトのアプリダウンロード
「ショップジャパン」販売促進プログラム,株式会社オークローンマーケティング,ショップジャパン,◎,「ショップジャパン」公式オンラインショップ,,,,,◎,カシスショップジャパン｜カシスパウダーの定期・通常購入
電子貸本Renta!　新規会員商品購入プログラム,株式会社パピレス,Renta！（定額報酬）,,,,,,,,
ピアス専門店TPoolYahoo!ショッピング【店舗別プログラム】,株式会社CED,ピアス専門店テップール ヤフーショッピング,,,,,,,,
全国140万件以上の割引＆クーポン「駅探メンバーPass」会員登録,株式会社駅探,駅探メンバーPass,,,,,,,,
紀ノ国屋 公式オンラインストア,株式会社紀ノ國屋,紀ノ国屋公式オンラインストア,◎,【紀ノ国屋・大戸屋など】人気ブランド惣菜240種類以上から選べる定期宅配サービス,,,,,,
オーディオブック配信サービス audiobook.jp,株式会社オトバンク,オーディオブック配信 audiobook.jp,○,オーディオブック配信サービス【audiobook.jp（オーディオブックジェイピー）】,,,○,【JP】オーディオブック配信サービス【audiobook.jp（オーディオブック）】聴き放題プラン,,
おもちゃのサブスク Cha Cha Cha販売促進プログラム,自立の株式会社,Cha Cha Cha,◎,適齢に合わせた知育玩具を定期でお届け！【Cha Cha Cha】,,,,,◎,Cha Cha Cha（チャチャチャ）｜適齢に合わせた知育玩具を定期配送の申込
ペット用品・犬具「1stdogcafe」【店舗別プログラム】,アメニティコンダクツ株式会社,1stDogCafe,,,,,,,,
ローチケ旅行【国内航空券】予約プログラム,株式会社ローソンエンタテインメント,ローチケ旅行,◎,国内航空券＋ホテルの予約なら【エアトリプラス】,◎,国内航空券＋ホテルの予約なら【エアトリプラス】,◎,格安航空券・飛行機・LCCの予約なら【travelist（トラベリスト）】＜国内航空券＞,◎,リアルチケット｜国内航空券の購入
ホームセンター「ビバホーム」公式通販サイト 【ビバホームオンライン】,アークランズ株式会社,ビバホームオンライン,,,,,,,,
ネイルグッズ プチプラ Yahoo店【店舗別プログラム】,有限会社フクチュー,プチプラ,◎,SNSで話題の大人のプチプラアクセサリー通販SHOP【GLUCK（グルック）】,,,◎,大人かわいいプチプラアクセサリー通販ブランド【ChooMia（チュミア）】,,
アルシェセレクション【店舗別プログラム】,有限会社アルシェ,アルシェセレクション,,,,,,,,
TastyTable FOOD Yahoo!店【店舗別プログラム】,株式会社ニューアクション,TastyTable FOOD,◎,おうちをレストランに変える食ブランド【TastyTable FOOD】,,,○,【メルミー葉酸サプリ】産婦人科医と管理栄養士のW監修,,
オーダースーツSADA｜オーダースーツの来店予約,株式会社オーダースーツSADA,オーダースーツSADA,,,,,◎,全国50店舗で展開している低価格・本格オーダースーツ【オーダースーツSADA】,,
【アルバイトEX】有名20バイトメディアを一括比較,株式会社じげん,アルバイトEX,○,1番安いガス料金をWEBで比較して、お得に利用しよう！【エネピ】,,,○,ヒカカク！ 農機具　買取一括見積もり,,
東武オンラインショップ,株式会社東武百貨店,東武オンラインショップ,◎,【東武百貨店オンラインショップ】,,,,,,
ドクターシーラボ公式オンラインショップ,JNTLコンシューマーヘルス株式会社,ドクターシーラボ公式サイト,,,,,,,,
ABLENETレンタルサーバー(共用サーバー),株式会社ケイアンドケイコーポレーション,ABLENET,◎,一律料金でユーザー数無制限！かんたん操作のクラウドストレージ【ABLENETストレージ】,,,,,,
【オリオンツアー】JALで行く国内旅行(ツアー) 予約プログラム,株式会社オリオンツアー,オリオンツアー旅行サイト,,,,,◎,高速バス・夜行バス予約はオリオンツアー　高速バス、夜行バス　オンライン予約プロモーション,,
AND PLANTS,株式会社Domuz,AND PLANTS,◎,パーソナル診断で自分に合う、オシャレな観葉植物・お花を【AND PLANTS】,◎,AND PLANTS,,,◎,AND PLANTS｜観葉植物・お花の購入
「東邦ガスのガス・電気セット契約」で引越し先の光熱費がおトクに！,東邦ガス株式会社,東邦ガス,◎,「東邦ガスのガス・電気セット契約」で引越し先の光熱費がおトクに！【東邦ガス】,,,,,,
洗濯代行オーサムウォッシュ_新規会員登録（月額）,HIPSTER株式会社,オーサムウォッシュ,,,,,,,,
アニメ・ゲーム・キャラクターグッズの通販サイト【eeo Store】,株式会社A3,eeo Store,◎,アニメ・ゲーム・キャラクターグッズの通販サイト【eeo store】,,,,,,
ダンボール・梱包材業界No.1通販サイト【ダンボールワン】,ラクスル株式会社,ダンボールワン,◎,ダンボール・梱包材業界No.1通販サイト【ダンボールワン】法人向け,,,,,,
"【フレッツ光】安心と信頼の光回線｜最大79,000円キャッシュバック",株式会社Sales Lab,フレッツ光｜お申し込みサイト,◎,高速インターネット回線のNTTフレッツ光【キャッシュバック最大7万円】,◎,【フレッツ光】安心と信頼の光回線,,,,
子供服ショッピングモール「BEBEMALL」購入促進プログラム,株式会社べべ,BEBE MALL オフィシャルオンラインストア,,,,,,,,
おやつのお取り寄せ「湖池屋オンラインショップ」,株式会社湖池屋,湖池屋オンライン,,,,,,,,
フィットちゃんランドセルYahoo!店【店舗別プログラム】,株式会社ラ・ポンテ,フィットちゃんランドセルYahoo!店,,,,,,,,
aquagarage#1,有限会社伊勢屋コンサルタント,aquagarage,◎,リーズナブルで上質なファッションライフを★【aquagarage】,,,,,,
マルイのネット通販マルイウェブチャネル,株式会社丸井,マルイウェブチャネル,○,世界に一つだけの似顔絵をあなたに,,,,,,
【東武トップツアーズ】国内ツアー・国内宿泊予約プログラム,東武トップツアーズ株式会社,東武トップツアーズ,,,,,◎,国内旅行やツアー・海外旅行・ホテル・宿の予約サイト【東武トップツアーズ】,,
ゲオの買取 - スマホ・タブレット ‐,株式会社ゲオストア,ゲオの買取 - スマホ・タブレット ‐,,,,,,,,
overE/オーバーイー |胸が大きな女性のためのアパレルブランド,株式会社エスティーム,overE/オーバーイー |胸が大きな女性のためのアパレルブランド,,,,,,,,
国内旅行【読売旅行】ツアー申込みプログラム,株式会社読売旅行,読売旅行,◎,国内・海外旅行【読売旅行公式サイト】,,,,,,
「EcoFlow公式 Yahoo!ショッピング店」【店舗別プログラム】,EcoFlow Technology Japan株式会社,EcoFlow Yahoo!ショッピング店,,,,,,,,
JRE MALLふるさと納税,東日本旅客鉄道株式会社,JRE MALLふるさと納税,○,JRE POINTが貯まる・使える！JR東日本公式の総合オンラインモール【JRE MALLショッピング】,,,,,,
クラウドPOSレジ「スマレジ」｜サービス資料ダウンロード・問合せ完了,株式会社スマレジ,スマレジ,◎,クラウドPOSレジ【スマレジ】 - オンライン相談・ショールーム予約完了,,,,,◎,CRM内蔵型EC一元管理システム「スマレジEC・一元管理」｜資料ダウンロード・無料トライアル
エコレンヤフーショップ【店舗別プログラム】,株式会社オッジPFT,エコレンヤフーショップ,,,,,,,,
全国約57万戸管理！家具家電付きの単身者向け賃貸【レオパレス２１】,株式会社レオパレス21,レオパレス21賃貸公式サイト,◎,全国約57万戸管理！家具家電付きの単身者向け賃貸【レオパレス２１】,,,◎,お部屋探しはレオパレス21,,
セカンドストリート　宅配買取,株式会社セカンドストリート,セカンドストリート（買取）,,,◎,セカンドストリート（買取）,,,,
SK本舗-3Dプリンターとレジンの通販・購入,フェリデンシア・キャピタル株式会社,SK本舗-3Dプリンターとレジンの通販・購入,,,,,,,,
DEPACO（大丸松坂屋コスメオンラインストア）,株式会社大丸松坂屋百貨店,DEPACO,○,百貨店初のサブスク型ファッションレンタルサービス【AnotherADdress】,,,○,サブスクリプション型ファッションレンタルサービス【AnotherADdress（アナザーアドレス）】,,
Yahoo!不動産_賃貸領域_資料請求プログラム,LINEヤフー株式会社,Yahoo!不動産（賃貸）,○,業界トップクラスの車買取実績安心の証【carview!】,,,,,,
ECサイト販促プロモーション【プチバトーオンラインブティック】,株式会社プチバトージャパン,プチバトーオンラインブティック,◎,ECサイト販促プロモーション【プチバトーオンラインブティック】,◎,プチバトーオンラインブティック,,,,
ahamo,株式会社NTTドコモ,ahamo,◎,ahamo,◎,ahamo,◎,たっぷり30GB【ahamo(アハモ)】新規回線開通,,
【日比谷花壇公式オンラインショップ】基本プログラム,株式会社日比谷花壇,hibiyakadan.com,,,,,,,,
スカイマークで行く【スカイパックツアーズ】,スカイパックツアーズ株式会社,スカイパックツアーズ,,,◎,スカイパックツアーズ,,,,
Anime Store.JP,株式会社コラボカフェ,Anime Store.JP,,,,,,,,
Yahoo!不動産_流通領域_資料請求プログラム,LINEヤフー株式会社,Yahoo!不動産（流通領域）,○,業界トップクラスの車買取実績安心の証【carview!】,,,,,,
フォークオンラインストア「白衣・事務服」販売促進プログラム,フォーク株式会社,フォークオンラインストア,,,,,,,,
漫画全巻ドットコム 販売促進プログラム,株式会社TORICO,漫画全巻ドットコム,◎,【漫画全巻ドットコム】コミック全巻セット販売,◎,漫画★全巻ドットコム,◎,【漫画全巻ドットコム】　まんが全巻．COM　購入プロモーション,,
ふるさと納税　ふるラボ,朝日放送テレビ株式会社,ふるさと納税サイト　ふるラボ,,,,,,,,
GMOクリック証券　FX口座開設プログラム,GMOクリック証券株式会社,GMOクリック証券　FX口座開設,○,【ＧＭＯクリック証券】FXネオ口座開設,,,,,,
COVERARY,株式会社マインドワイズ,COVERARY,◎,全32色の本革。ほぼ全機種対応スマホケース【COVERARY-カバラリ-】,,,,,,
LINEMO(ラインモ),ソフトバンク株式会社,LINEMO,○,ソフトバンクでんきの【おうちでんき】,◎,LINEMO,,,,
Classical Elf,株式会社クラシカルエルフ,Classical Elf,,,,,,,,
GMOクリック証券　証券口座申込プログラム,GMOクリック証券株式会社,GMOクリック証券　証券口座申込,○,【ＧＭＯクリック証券】FXネオ口座開設,,,,,,
女性向けジュエリーブランド「イマック imac 公式オンラインショップ」,株式会社イマックジュエリー,イマック imac 公式オンラインショップ,,,,,,,,
【Klook】クルック・ワクワクが見つかる旅行・レジャー予約サイト！,Klook Travel Technology合同会社,Klook,,,,,◎,海外/国内のワクワクが見つかる旅行・レジャー予約サイト【Klook（クルック）】,,
【国認定】パソコン無料回収・処分・廃棄【リネットジャパン】,リネットジャパングループ株式会社,パソコン無料回収・処分・廃棄【リネットジャパン】,◎,【国認定】パソコン無料回収・処分・廃棄【リネットジャパン】,,,◎,＜環境省認定＞パソコンの無料回収（処分・廃棄）サービス【リネットジャパンリサイクル】,,
バイトルPRO仕事応募プログラム,ディップ株式会社,バイトルPRO,○,看護師の転職支援はディップ「ナースではたらこ」,,,,,,
東大生らの個別フォローでタブレット学習を【RISU】契約促進プログラム,RISU Japan株式会社,RISU算数 - お子様1人1人にピッタリの学びを届けるタブレット教材,◎,トップ大学生のフォローアップなどサポートが充実の新しいタブレット【RISU算数】,,,◎,トップ大学生のフォローアップなどサポートサービスが充実の新しいタブレット学習【RISU算数】,◎,トップ大学生のフォローアップなどサポートサービスが充実の新しいタブレット【RISU算数】お試し体験申し込み
株式会社ルネサンス運営 公式オンラインショップ,株式会社ルネサンス,株式会社ルネサンス運営  公式オンラインショップ,,,,,,,,
ソースネクストeSHOP ボーナス調整用プログラム,ソースネクスト株式会社,ソースネクスト,◎,【ソースネクストソフトウェア・IoT通常報酬プログラム】,,,◎,【ソースネクスト】国内外から厳選したIoTやソフトウェア,◎,ソースネクスト(SOURCENEXT)商品購入
パソコンショップ　PC-WRAP,株式会社エスエヌシー,パソコンショップ　PC-WRAP,○,3年保証にお気楽返品！業歴20年超えの老舗中古パソコン専門店！【PC WRAP】,,,,,,
松井証券　MATSUI FX,松井証券株式会社,松井証券　MATSUI FX,◎,100円からお取引可能！FXをはじめるなら【松井証券 MATSUI FX】,,,,,,
Evoon,株式会社Gerbera,Evoon,,,,,,,,
テレビCMでもおなじみ！【公式】辛子めんたい 福さ屋 販売促進プログラム,福さ屋株式会社,【公式】辛子めんたい 福さ屋,,,,,○,テレビCMでもおなじみ！辛子明太子の本場【福さ屋】,,
FINE KAGU 公式,VENTOTA合同会社,ファイン家具公式,,,,,,,,
ANAのふるさと納税,ANAあきんど株式会社,ANAのふるさと納税,,,,,,,,
タイヤワールド館ベスト 購入プログラム,株式会社タイヤワールド館ベスト,タイヤワールド館ベスト,,,,,◎,タイヤとアルミホイールの専門店【タイヤワールド館ベスト】,,
IIJmioひかり,株式会社インターネットイニシアティブ,IIJmio,,,◎,IIJmioひかり,,,,
Qoo10公式通販アフィリエイトプログラム,eBay Japan 合同会社,Qoo10,◎,お得なクーポン毎日発行！eBay公式ショッピングサイト　Qoo10（キューテン）,,,,,,
カタログギフトのハーモニック 〈公式〉,株式会社ハーモニック,ハーモニック公式サイト,◎,カタログギフト業界トップクラスの品質と品揃え！カタログギフトのハーモニック 〈公式〉,,,,,,
全国に店舗展開！成人式の振袖レンタル・ご購入は【京都きもの友禅】,京都きもの友禅株式会社,京都きもの友禅　公式振袖サイト,◎,お客様満足度99.8％！成人式の振袖レンタル・購入なら【京都きもの友禅(来店予約)】,,,◎,【お客様満足度99.8％】成人式の振袖レンタル「京都きもの友禅」来店予約,◎,成人式の振袖レンタル・購入なら【京都きもの友禅】の来店
ABEMAプレミアム,株式会社AbemaTV,ABEMAプレミアム,◎,ABEMAプレミアム,,,○,国内最大の無料インターネットテレビ局 【ABEMA（アベマ）プレミアム】,,
RUBATO&Co.,株式会社BY THE WAY,RUBATO&Co.,,,,,,,,
マウスコンピューター,株式会社マウスコンピューター,マウスコンピューター,,,,,,,,
お問い合わせ促進プログラム,ビレッジハウス・マネジメント株式会社,ビレッジハウス・マネジメントの公式サイト,○,"今までこんな物件見たことありますか？家賃20,000円台で敷金・礼金・手数料・更新料が全て無料！",,,,,,
ビッグエムワン販売促進プログラム,株式会社ザザホラヤ,ビッグエムワン,◎,大きい服でオシャレに決めるファッションサイト【ビッグエムワン】,,,,,,
パーソナルスムージー【GREEN SPOON】,株式会社Greenspoon,GREEN SPOON,◎,たっぷり野菜のゴロうまおかずキットが届くGREEN SPOON,◎,GREEN SPOON,,,,
ヒトサラ,株式会社USEN,ヒトサラ,○,USENレジ｜飲食店向けPOSレジの資料請求,◎,ヒトサラ,,,,
PC4U公式オンラインショップ 販売促進プログラム,有限会社ドーフィールドジャパン,pc4u,,,,,,,,
看護師の転職支援はディップ「ナースではたらこ」,ディップ株式会社,ナースではたらこ,◎,看護師の転職支援はディップ「ナースではたらこ」,,,,,,
人気作家や窯元の陶器・磁器・ガラスなどの焼き物販売促進プログラム,合同会社エイトカラーズ,大人の焼き物オンラインショップ,,,,,,,,
国内航空券＋ホテルの予約なら【エアトリプラス】,株式会社エアトリ,エアトリ,◎,国内航空券＋ホテルの予約なら【エアトリプラス】,◎,国内航空券＋ホテルの予約なら【エアトリプラス】,◎,海外でeSIM使うなら【エアトリeSIM】,,
世界最大級！ツアーアクティビティの検索サイト「Liigo」販促プログラム,株式会社リーゴ,Liigo,,,,,,,,
SHIFFON＜メンズ服＆ブランド子供服＆ランドセル＞販売促進プログラム,株式会社SHIFFON,SHIFFON ONLINE STORE,◎,DIESEL/マリークワント/PAUL&JOEおしゃれなブランドランドセル【SHIFFON（公式）】,,,,,,
アンテプリマ【公式】オンラインショップの販売促進プログラム,株式会社アンテプリマジャパン,アンテプリマ公式オンラインストア,,,,,,,,
ゲオの買取 - ゲーム,株式会社会社ゲオストア,ゲオの買取 - ゲーム,,,,,,,,
セカンドストリート：販促プログラム,株式会社セカンドストリート,セカンドストリート（販売）,,,,,,,,
ゲオオンラインストア販促促進プログラム,株式会社ゲオストア,ゲオオンラインストア,,,,,,,,
激安通販サイトの販売促進プログラム,山陽トランスポート有限会社,イーサプライ本店,,,,,,,,
スーツケースレンタルなら日本最大級の【アールワイレンタル】R&Y Rental,日本鞄材株式会社,アールワイレンタル,◎,スーツケースレンタルなら日本最大級の【アールワイレンタル】R&Y Rental,,,,,,
マンガ・雑誌読み放題サービス,株式会社ドワンゴ,BOOK☆WALKER,,,,,,,,
【Cake.jp】ケーキ専門通販サイト,株式会社FLASHPARK,cake.jp,◎,【Cake.jp】ケーキ専門通販サイト,◎,Cake.jp,◎,ケーキ通販サイト【Cake.jp（ケーキジェーピー）】,◎,【Cake.jp】ケーキ専門通販の商品購入
つるやオンライン販売促進プログラム,つるや株式会社,つるやオンライン,,,,,,,,
エクステリア・住宅設備（工事付き）の販売促進プログラム,株式会社エクスショップ,エクスショップ,,,,,,,,
ハイクラス人材紹介サービス【コトラ】面談登録プログラム,株式会社コトラ,kotora,,,,,◎,ハイクラス・金融・コンサルティング転職なら【KOTORA（コトラ）】,,
ワイン通販のFiradis WINE CLUB 販売促進プログラム,株式会社フィラディス,Firadis WINE CLUB（フィラディス ワインクラブ）,,,,,,,,
人気コスメ最安値挑戦中/【コスメティックタイムズ】,SHOP INTERNATIONAL株式会社,コスメティックタイムズ,,,,,,,,
ふるさと納税「ふるさとプレミアム」アフィリエイトプログラム,株式会社ユニメディア,ふるさとプレミアム,,,◎,ふるさとプレミアム,◎,ふるさと納税・寄付なら【ふるさとプレミアム】商品申し込み,,
人気自転車が最大30%OFF!話題の自転車ショップ【cyma-サイマ-】,株式会社cymaイエローハット,cyma-サイマ-,◎,自転車通販サイト売上No.1！日本最大級の自転車通販サイト【cyma-サイマ-】,,,,,,
【ベルーナ】My Wine CLUB　販売プログラム,株式会社ベルーナ,ワイン通販ならマイワインクラブ【公式】,,,,,◎,食品・グルメ通販の【ベルーナグルメ】,,
FX専用VPS | お名前.com デスクトップクラウド,GMOインターネット株式会社,お名前.comデスクトップクラウド,◎,超高速かつ24時間安定稼働！FX専用VPS【お名前.com デスクトップクラウド】申込募集,,,,,,
BIGLOBE WiMAX +5G 販売促進プログラム,ビッグローブ株式会社,BIGLOBE WiMAX,◎,【公式】BIGLOBE WiMAX +5G,◎,BIGLOBE WiMAX +5G,,,,
花・フラワーギフトなら青山フラワーマーケット オンラインショップ,株式会社パーク・コーポレーション,青山フラワーマーケット オンラインショップ,,,,,,,,
【PayPay】加盟店申込プログラム,PayPay株式会社,【PayPay】加盟店プログラム,◎,面談でPayPayポイント５万プレゼント！スマート不動産投資【RENOSY（リノシー ）】,◎,PayPayギフトプレゼントキャンペーン,,,◎,PayPay｜QRコード決済の導入
フリーター、既卒、第二新卒の求人なら【ハタラクティブ】,レバレジーズ株式会社,ハタラクティブ,◎,フリーター、既卒、第二新卒の求人なら【ハタラクティブ】,◎,ハタラクティブ,◎,フリーター、既卒、第二新卒求人「ハタラクティブ」　新規カウンセリング登録,,
新卒就活エージェントなら【キャリアチケット就職エージェント】,レバレジーズ株式会社,キャリアチケット就職エージェント,◎,新卒就活エージェント【キャリアチケット就職エージェント】,◎,キャリアチケット就職エージェント,○,症状にあったピルをオンラインで処方【レバクリ】,,
弁護士法人みやびの退職代行サービス,弁護士法人汐留パートナーズ法律事務所,汐留パートナーズ法律事務所の退職代行,,,,,,,,
CAMPER(カンペール)公式オンラインショップ販売促進プログラム,株式会社カンペールジャパン,カンペール オフィシャルオンラインストア,,,,,,,,
株式会社ギャラリーレア,株式会社サークラックス,ギャラリーレア公式販売サイト,○,ブランド買取専門店【ギャラリーレア】,,,,,,
【 KKday 】国内・海外旅行(チケット・交通・ツアー・体験)の予約サイト,株式会社KKDAY JAPAN,KKday,◎,海外旅行オプショナルツアーを楽々予約・簡単決済【KKday】,,,◎,世界中のオプショナルツアーを簡単予約！【kkday】,,
WiFiレンタル 促進プログラム,株式会社ビジョン,WiFiレンタルどっとこむ,◎,WiFiモバイルルータの1日レンタルサービス【WiFiレンタルどっとこむ】,◎,Wifiレンタルどっとこむ,◎,日本国内専用WiFiレンタルなら【WiFiレンタルどっとこむ】,◎,WiFiレンタルどっとこむ｜WiFiモバイルルータの1日レンタルサービスの申込
【転職会議】会員登録プログラム,株式会社リブセンス,転職会議,,,◎,転職会議,,,,
UQ WiMAX,ＵＱコミュニケーションズ株式会社,UQWiMAX,◎,【公式】UQ WiMAX,,,,,,
レゴランド大阪チケット販売促進プログラム,LEGO Discovery Center Japan合同会社,レゴランド・ディスカバリー・センター大阪　公式サイト,,,,,,,,
球界のレジェンド山本昌さん愛用!【高反発マットレスモットン】,株式会社グリボー モットンジャパン,腰痛対策マットレスモットン,◎,球界のレジェンド山本昌さん愛用！自然な寝返りをサポートする【高反発マットレスモットン】,◎,高反発マットレスモットン,,,,
ふるさと納税サイト「ふるさと本舗」アフィリエイトプログラム,株式会社ふるさと本舗,ふるさと本舗,◎,全国の美味しい特産品に特化したふるさと納税サイト【ふるさと本舗】,◎,ふるさと本舗,,,,
激安★安心リピーター多数!【コンタクトレンズのレンズラボ】,株式会社レンズラボ,コンタクトレンズのレンズラボ,○,激安、人気、通販！コンタクトレンズ最安値に挑戦！【レンズスマイル】,,,,,,
ヴィクトリアサーフ&スノー,株式会社ヴィクトリア,ヴィクトリアサーフ&スノー,◎,"マリン,ウィンタースポーツ用品（スキー・スノーボード）通販【ヴィクトリアサーフ＆スノー】",,,,,,
サンクゼール〈久世福商店〉オンラインショップ,株式会社サンクゼール,サンクゼールオンラインショップ,◎,ギフトはおまかせ！【サンクゼール&久世福商店オンラインショップ】,,,,,,
【レバテックキャリア】IT・Webエンジニア特化の転職支援サービス,レバレジーズ株式会社,レバテックキャリア,◎,IT・Web転職サービスなら【レバテックキャリア】,◎,レバテック キャリア,○,症状にあったピルをオンラインで処方【レバクリ】,◎,IT・Web転職特化エージェント【レバテックキャリア】無料会員登録 / レバレジーズ株式会社
Anker Japan 公式オンラインストアのアフィリエイトプログラム,アンカー・ジャパン株式会社,Anker公式オンラインストア,,,,,,,,
格安航空券ならエアトリ,株式会社エアトリ,エアトリ,◎,国内航空券＋ホテルの予約なら【エアトリプラス】,◎,国内航空券＋ホテルの予約なら【エアトリプラス】,◎,海外でeSIM使うなら【エアトリeSIM】,,
【アクティビティジャパン】遊び・体験・レジャーの予約サイト,株式会社アクティビティジャパン,アクティビティジャパン,,,,,◎,【アクティビティジャパン】遊び・体験・レジャーの予約サイト,,
Airレジ/アカウント登録・導入相談プログラム,株式会社リクルート,Airレジ,◎,【Airレジ　オンライン導入相談】,◎,Airレジ　オンライン導入相談,○,ホテル・宿予約サイトなら【じゃらんnet】WEB予約,◎,Airレジ｜無料POSレジアプリの新規アカウント登録
スタディサプリEnglish　パーソナルコーチプラン,株式会社リクルート,スタディサプリenglish,◎,【スタディサプリENGLISH】法人向け英語研修サービス,◎,スタディサプリENGLISH 新日常英会話コース,◎,リクルートが運営する1日33円からできる英会話サービス『スタディサプリ ENGLISH／新日常英会話コース』有料会員登録,,
国内格安レンタカー予約サイト-skyticket.jp -,株式会社アドベンチャー,skyticket レンタカー,,,,,,,,
ピエール・エルメ・パリ オンラインブティック販売促進プログラム,PH PARIS JAPON株式会社,ピエール・エルメ・パリ オンラインブティック,,,,,,,,
NEC Direct(NECダイレクト),NECパーソナルコンピュータ株式会社,NEC Direct(NECダイレクト),,,,,,,◎,NEC Direct(NECダイレクト)の商品販売プロモーション
ふるなびクラウドファンディングプログラム,株式会社アイモバイル,ふるさと納税「ふるなび」,,,,,,,,
【定率】ふるさと納税サイト「さとふる」,株式会社さとふる,ふるさと納税「さとふる」,◎,ふるさと納税サイト【さとふる】,◎,さとふる,,,,
オルビス公式サイト(LinkSwitch専用プログラム),オルビス株式会社,オルビス公式サイト（LinkSwitch専用プログラム）,○,肌の乾燥が気になる方に。オルビスのインナーケア『ディフェンセラ』,,,,,,
ITエンジニア専門 高年収&高待遇求人「TechClipsエージェント」,notari株式会社,TechClipsエージェント,◎,ITエンジニアのための転職エージェント【TechClipsエージェント】,,,,,,
BRIEFINGアフィリエイトプログラム,株式会社ユニオンゲートグループ,★BRIEFING OFFICIAL SITE(ブリーフィング　オフィシャルサイト),○,伝統的かつ洗練されたデザイン【フェリージオンラインショップ】,,,,,,
LARA Christie販売促進プログラム,株式会社シアーズ,LARA Christie,,,,,○,ジュエリー、アクセサリー【シアーズジュエリー公式】,,
スタディサプリ  ENGLISH　『TOEIC対策コース』　ビジネス英語コース,株式会社リクルート,スタディサプリenglish,◎,【スタディサプリENGLISH】法人向け英語研修サービス,◎,スタディサプリENGLISH 新日常英会話コース,◎,リクルートが運営する1日33円からできる英会話サービス『スタディサプリ ENGLISH／新日常英会話コース』有料会員登録,,
マイナビジョブ20's新規会員登録,株式会社マイナビ,マイナビ ジョブ20's,◎,20代・第二新卒・既卒向け転職エージェント【マイナビジョブ20's】,◎,マイナビジョブ20's,◎,20代・第二新卒専門の転職エージェント【マイナビジョブ20's（マイナビジョブトゥエンティーズ）】 会員登録,,
「VCスターターセット」ビタミンCニキビケア1週間トライアルセット,株式会社シーボディ,「VCスターターセット」ビタミンCニキビケア1週間トライアルセット,◎,【シーボディ】「ＶＣスターターセット」ビタミンＣニキビケア１週間トライアルセット,◎,ＶＣスターターセット ビタミンＣニキビケア１週間トライアル,◎,【シーボディ】供給型ビタミンC誘導体や2種類のビタミンC誘導体でニキビケア予防【VCスターターセット】商品購入プロモーション,,
Airペイ/申込みプログラム,株式会社リクルート,Airペイ,○,急な支払いにもリクルートの請求書立替払いサービスで対応【請求書立替払いサービス】,◎,Airペイ,○,ホテル・宿予約サイトなら【じゃらんnet】WEB予約,◎,Airペイ｜決済サービスの新規申込
たびらいレンタカー予約【オンライン予約促進プログラム】,株式会社パム,たびらいレンタカー予約,◎,たびらいレンタカー予約【オンライン予約促進プログラム】,,,,,,
食べログ　飲食店ネット予約プログラム,株式会社カカクコム,食べログ(予約人数),,,,,,,,
ふるさとチョイス,株式会社トラストバンク,ふるさとチョイス,◎,ふるさと納税サイト「ふるさとチョイス」,◎,ふるさとチョイス,,,,
LinksMate 販売促進プロモーション,株式会社LogicLinks,リンクスメイト,,,◎,リンクスメイト,◎,対象のゲーム・コンテンツ・SNSの通信量カウントが90%以上OFF！【LinksMate（リンクスメイト）】,,
自然でオシャレ、データ納品の出張撮影マッチングサービス【fotowa】,ピクスタ株式会社,出張撮影 fotowa(フォトワ),◎,自然でオシャレ、データ納品の出張撮影マッチングサービス【fotowa (フォトワ) 】,,,,,,
アニメイト 新規アフィリエイトサイト募集,株式会社アニメイト,アニメイト,◎,日本最大級アニメグッズ専門チェーンストア「アニメイト」,◎,ムービック [アニメイト],,,,
DHCオンラインショップ,株式会社ディーエイチシー,DHCオンラインショップ,,,,,,,,
スカイ・シー格安航空券モール|国内線販売プログラム,スカイ・シー株式会社,格安航空券モール,◎,国内線の比較・購入サイトの決定版【格安航空券モール】,,,◎,【格安航空券モール】国内線LCC含む全13社の飛行機予約・最安値比較サイト,,
【池の平ホテル】長野県白樺湖のリゾートホテル,株式会社池の平ホテル&リゾーツ,白樺リゾート池の平ホテル【長野県】,,,,,,,,
日本では買えない3000種以上のアメリカ製サプリメント&コスメ海外通販,SVSコーポレーション株式会社,サプリンクス,,,,,,,,
コロムビアミュージックショップ販売促進キャンペーン,コロムビア・マーケティング株式会社,コロムビアミュージックショップ,,,,,,,,
こどもちゃれんじ・進研ゼミプログラム,株式会社ベネッセコーポレーション,Benesse_,,,,,,,,
BILLY'S ENT Online Storeプログラム,株式会社エービーシー・マート,ビリーズエンター オンラインストア,,,,,,,,
保育専門求人サイト『ほいく畑』,株式会社ニッソーネット,ほいく畑,◎,保育専門求人サイト【ほいく畑】人材サービス登録募集,◎,保育専門求人サイト〜ほいく畑〜,◎,保育士の求人サイト【ほいく畑】 人材サービス登録募集,,
介護専門求人サイト『かいご畑』,株式会社ニッソーネット,かいご畑,◎,介護専門求人サイト【かいご畑】人材サービス登録募集,◎,介護専門求人サイト〜かいご畑〜,◎,介護の求人サイト【かいご畑】 人材サービス登録募集,,
コロンビアスポーツウェア　公式サイト,株式会社コロンビアスポーツウェアジャパン,アウトドア登山用品のコロンビア(Columbia)スポーツウェア公式通販,,,,,,,,
本の要約サービス【フライヤー】販売促進プログラム,株式会社フライヤー,本の要約サイト flier (フライヤー),,,◎,flier(フライヤー)ゴールド学割プラン,,,◎,flier(フライヤー) ｜本の要約サイト（1冊10分）の新規会員登録
【FUNDINNO】株式投資型クラウドファンディング本登録プログラム,株式会社日本クラウドキャピタル,FUNDINNO,,,◎,FUNDINNO,◎,株式投資型クラウドファンディング【FUNDINNO（ファンディーノ）】,,
アンファミエ,株式会社ナースステージ,アンファミエ,,,,,,,,
スポーツデポ・ゴルフ5・アルペンの公式オンラインストア,株式会社アルペン,アルペンオンラインストア,◎,スポーツデポ・ゴルフ５・アルペン【公式オンラインストア】,◎,スポーツデポ・ゴルフ5・アルペンの公式オンラインストア,◎,スポーツデポ・ゴルフ5・アルペンの公式オンラインストア,,
予約できる駐車場「タイムズのB」【タイムズ２４運営】,タイムズ24株式会社,駐車場予約なら「タイムズのB」(旧:B-Times),,,,,,,,
ゆめやど(平日休みの方の為の宿泊優待サイト),株式会社ベルーナツーリズム,ゆめやど,◎,平日お得な宿泊ならゆめやどにおまかせ【ゆめやど】,,,◎,平日の宿・ホテル予約が圧倒的お得! 【ゆめやど】,,
旅のお土産・お取り寄せサイト「JTBショッピング」,株式会社JTB商事,JTBショッピング,◎,日本＆世界の名産品をお取り寄せ＆お土産に【JTBショッピング】,,,,,,
北欧デザインのカーテン、ラグ、マット専門店【cucan クーカン】,株式会社スミノエインテリアプロダクツ,cucan(クーカンネットショップ),◎,メーカー直販！カーテン、ラグ、玄関マット専門店【cucan クーカンネットショップ】,,,,,,
ヘア・ネイル・エステサロン予約キャンペーン,楽天グループ株式会社,楽天ビューティ,○,【楽天Car車検】掲載店舗数No.1,,,,,,
【海外WiFiレンタルのグローバルWiFi】,株式会社ビジョン,海外WiFiレンタルのグローバルWiFi,◎,【海外WiFiレンタルのグローバルWiFi】,,,○,世界中でインターネットをつなぐなら【World eSIM】,◎,海外WiFiレンタルのグローバルWiFi｜WiFiルーターのレンタルの申込
【定額】ふるさと納税サイト「さとふる」,株式会社さとふる,ふるさと納税「さとふる」,◎,ふるさと納税サイト【さとふる】,◎,さとふる,,,,
Surprice (サプライス),株式会社エイチ・アイ・エス,Surprice (サプライス),,,,,○,【HIS】海外・国内旅行の申し込み,,
スタディサプリ ENGLISH　TOEIC対策コース　ビジネス英会話先得キャンペーン,株式会社リクルート,スタディサプリenglish,◎,【スタディサプリENGLISH】法人向け英語研修サービス,◎,スタディサプリENGLISH 新日常英会話コース,◎,リクルートが運営する1日33円からできる英会話サービス『スタディサプリ ENGLISH／新日常英会話コース』有料会員登録,,
IT / web / ゲーム業界専門の人材紹介会社,株式会社ギークリー,IT / web / ゲーム業界専門の人材紹介会社　Geekly,○,IT・WEB・ソーシャルゲーム業界専門の転職支援プロ集団【Geekly】,,,,,,
京王ネットショッピング,株式会社京王百貨店,京王ネットショッピング,,,,,◎,京王ネットショッピング｜京王百貨店,,
富澤商店オンラインショップ,株式会社富澤商店,富澤商店オンラインショップ,,,,,,,,
電力比較サイト　エネチェンジ,ENECHANGE株式会社,電力比較サイト　 エネチェンジ,○,国内最大級の電力・ガス比較サイト【エネチェンジ】,,,,,,
FRONTIER基本プログラム,インバースネット株式会社,FRONTIERダイレクト,,,,,,,,
Relux,株式会社Loco Partners,Relux,,,,,,,,
ふるさと納税「ふるなび」プログラム,株式会社アイモバイル,ふるさと納税「ふるなび」,,,◎,ふるなび,,,,
全国のTV・ラジオ・新聞でもおなじみ!【快適生活オンライン】,株式会社快適生活,快適生活オンラインストア,◎,全国のＴＶ・ラジオ・新聞ショッピングでもおなじみ！【快適生活オンライン】,◎,快適生活オンライン,◎,全国のＴＶ・ラジオ・新聞ショッピングでもおなじみ！総合通販「快適生活」の販促,,
【まーぶるPC】中古パソコン販売プログラム,まーぶる本舗株式会社,まーぶるPC,,,,,,,,
転職サイトなら【ミイダス】無料会員登録,ミイダス株式会社,ミイダス,◎,市場価値から本当のキャリアパスを見出すサービス【ミイダス】,,,,,◎,あなたの市場価値を見いだす転職サイト【ミイダス】無料会員登録
【SUUMO】新築マンション・新築一戸建て購入者アンケート,株式会社リクルート,【SUUMO】新築マンション・新築一戸建て購入者アンケート,◎,大・大募集中！【SUUMO】新築マンション／一戸建て購入者アンケート,,,○,ホテル・宿予約サイトなら【じゃらんnet】WEB予約,,
ラクスル新規アフィリエイトサイト募集,ラクスル株式会社,ラクスル,◎,年賀状・喪中はがきをネットでかんたん印刷！激安印刷通販なら【ラクスル】,,,,,,
"年間販売実績30,000台!中古パソコンショップ　ジャンクワールド",株式会社アールキューブ,中古パソコンショップジャンクワールド,○,全品保証付き！激安中古パソコンショップ【JUNKWORLD】,,,,,,
じゃらん　遊び・体験予約,株式会社リクルート,じゃらん　遊び・体験予約,○,急な支払いにもリクルートの請求書立替払いサービスで対応【請求書立替払いサービス】,,,○,ホテル・宿予約サイトなら【じゃらんnet】WEB予約,,
国内最大級の総合電子書籍ストア　ブックライブ,株式会社BookLive,国内最大級の総合電子書籍ストア　ブックライブ,,,,,,,,
不動産情報サイト【住まいサーフィン】新規会員登録プログラム,スタイルアクト株式会社,住まいサーフィン,○,資産性の高いマンションが分かるサイト。購入・売却時に代表の沖に直接相談できる,,,,,,
「アカチャンホンポ Online Shop」拡販プロモーション,株式会社赤ちゃん本舗,アカチャンホンポOnline Shop,,,,,,,,
SoftBank Air,ソフトバンク株式会社,SoftBank Air,◎,工事不要でネット使い放題！月々2468円(税込)〜！【SoftbankAir】,,,,,,
SoftBank光,ソフトバンク株式会社,Softbank 光,◎,フレッツ光より安いソフトバンク光！【高額キャッシュバック】【SoftBank 光】,◎,SoftBank光(ソフトバンク光)　【エヌズカンパニー】,◎,キャッシュバックキャンペーン実施中！【SoftBank光】 開通完了,,
キャラアニ.com販促プログラム,株式会社KADOKAWA,キャラアニ.com,,,,,,,,
JCB OS、LINDA入会プログラム,株式会社ジェーシービー,JCBカード,◎,カード到着前に番号を発番する「スピード発番」【スルガJCBカード】,,,◎,JCBカード S,,
サンワサプライ直営 サンワダイレクト販売促進プログラム,サンワサプライ株式会社,サンワダイレクト,,,,,,,,
ヤフーショッピング　自動提携機能用プロモーション,LINEヤフー株式会社,Yahoo!ショッピング(ヤフー ショッピング),○,業界トップクラスの車買取実績安心の証【carview!】,,,,,,
【honto/電子書籍】新規購入専用プロモーション,大日本印刷株式会社,honto(新規専用プログラム),,,,,,,,
スタディサプリ小学講座・中学講座,株式会社リクルートホールディングス,スタディサプリ小学・中学講座,,,,,◎,通信教材！リクルートが提案する新しい勉強法【スタディサプリ小学・中学講座】有料会員登録,,
【公式】＜UQ mobileご契約促進プログラム＞格安スマホのUQモバイル,KDDI株式会社,UQモバイル,◎,格安スマホのUQモバイル【UQ mobile】,,,,,,
IIJmio,株式会社インターネットイニシアティブ,IIJmio,,,◎,IIJmioひかり,,,,
話題の商品がお得に試せる【サンプル百貨店】ちょっプル申込プログラム,株式会社オールアバウトパートナーズ,サンプル百貨店(ちょっプル申込),,,,,,,,
話題の商品がお得に試せる【サンプル百貨店】無料会員登録プログラム,株式会社オールアバウトパートナーズ,サンプル百貨店(会員登録),,,,,,,,
【レコチョク公式】日本最大級の音楽配信サイト,株式会社レコチョク,レコチョク,,,,,,,,
きもの365 販売促進プログラム,きもの365株式会社,きもの３６５,,,,,,,,
遊び予約／レジャーチケット購入サイト「アソビュー！」,アソビュー株式会社,アソビュー！,◎,レジャー・遊び体験予約サイト『アソビュー』,◎,アソビュー！,◎,【afb限定】体験カタログギフト | SNSで贈れる体験ギフトなら【アソビュー！ギフト】,,
世界に一つだけのマイサインを作る署名ドットコムアフィリエイター募集,株式会社署名ドットコム,署名ドットコム,,,,,,,,
じゃらんレンタカー,株式会社リクルート,じゃらんレンタカー,○,急な支払いにもリクルートの請求書立替払いサービスで対応【請求書立替払いサービス】,,,○,ホテル・宿予約サイトなら【じゃらんnet】WEB予約,,
楽天市場販促プログラム,楽天グループ株式会社,楽天市場,◎,アマゾンや楽天市場で売れ筋ランキング1位獲得。幼児英語DVD【Goomies】,,,,,◎,ECサプリ｜楽天市場、Yahoo!ショッピングのSEO対策を支援するクラウドサービスの契約
じゃらんパック,株式会社リクルート,じゃらんパック,○,急な支払いにもリクルートの請求書立替払いサービスで対応【請求書立替払いサービス】,,,○,ホテル・宿予約サイトなら【じゃらんnet】WEB予約,,
【スタディサプリ進路】社会人・大学生向け資料請求プロモーション,株式会社リクルート,スタディサプリ進路　社会人向け,○,急な支払いにもリクルートの請求書立替払いサービスで対応【請求書立替払いサービス】,,,○,ホテル・宿予約サイトなら【じゃらんnet】WEB予約,,
THE CONRAN SHOP Online販売拡散プログラム,株式会社 コンランショップ・ジャパン,★The Conran Shop Online,,,,,,,,
ACTUS online (アクタス公式通販),株式会社アクタス,ACTUS online,,,,,,,,
docomo Online Shop 販売促進プログラム,株式会社NTTドコモ,ドコモオンラインショップ,○,ahamo,,,○,たっぷり30GB【ahamo(アハモ)】新規回線開通,,
【花キューピット公式サイト】販促プロモーション,花キューピット株式会社,【花キューピット公式サイト】フラワーギフトのご注文は花キューピット,,,,,,,,
じゃらんゴルフ　(ゴルフ場予約)プロモーション,株式会社リクルート,じゃらんゴルフ,◎,ゴルフ場検索・予約サイト【じゃらんゴルフ】,◎,じゃらんゴルフ,○,ホテル・宿予約サイトなら【じゃらんnet】WEB予約,,
Hanayume(ハナユメ)式場予約プログラム,株式会社エイチームライフデザイン,理想を叶える結婚式場探し【Hanayume(ハナユメ)】,○,理想の結婚式を！結婚式場探し・ブライダルフェア予約サイト【Hanayume】,,,,,,
【買取】買取販売の【もったいない本舗】販促プログラム,古本買取通販ドットコム株式会社,古本、CD、DVD、ゲーム買取販売【もったいない本舗】,,,,,,,,
日本のいいものセレクトショップ【藤巻百貨店】販売促進プログラム,株式会社caramo,日本のいいものセレクトショップ【藤巻百貨店】,,,,,,,,
【KINGSOFT】無料ソフトインストールプログラム,キングソフト株式会社,キングソフト,,,,,◎,乗り換えKING [SoftBank] 新規回線開通,,
ベビー用品の『ダッドウェイ　オンラインストア』販促プログラム,株式会社ダッドウェイ,ダッドウェイ　オンラインストア,,,,,◎,ベビー用品・ベビーグッズ・赤ちゃん用品の通販【DADWAY（ダッドウェイオンラインストア）】,,
英会話スクール「ECC外語学院」無料体験レッスンWEB予約促進プログラム,株式会社ECC,ECC外語学院,◎,英会話スクール「ECC外語学院」無料体験レッスン,,,◎,一般英会話・ビジネス英会話・子ども英会話　全国にスクールを持つ【ECC外語学院】,◎,ECC外語学院｜英会話スクールの無料体験レッスン
Broad WiMAX　WEB問い合わせ&申込キャンペーン,株式会社Link Life,BroadWiMAX,,,,,◎,Broad wimax -ブロードワイマックス- 新規お申込み,,
auひかり　WEB申込キャンペーン,株式会社25,auひかり,◎,【auひかり】初期工事費無料！豪華キャンペーン！知らない人はモッタイナイ！,◎,So-net 光(auひかり),◎,auひかり 新規お申込み,,
LOOK E-SHOP (ルック アット イーショップ)売上拡販プログラム,株式会社ルック,★LOOK E-SHOP (ルック アット イーショップ),,,,,,,,
都市間高速バス【JAMJAMライナー】公式 予約申込みプログラム,日本ユース旅行株式会社,JAMJAMライナー&JAMJAMツアー,,,,,○,都市間高速バス【JAMJAM LINER（ジャムジャムライナー）】,,
リーバイスオフィシャルオンラインストア【LEVI'S E-SHOP】プログラム,リーバイ・ストラウスジャパン株式会社,リーバイス(R)公式通販サイト,,,,,,,,
三条たたみ　畳張替受注の獲得,株式会社TTNコーポレーション,畳の事なら「三条たたみ」,,,,,,,,
リクルートエージェント,株式会社インディードリクルートパートナーズ,リクルートエージェント,◎,転職成功実績1万【リクルートエージェント】転職支援サービス登録,◎,リクルートエージェント,◎,転職なら【リクルートエージェント】 初回無料エントリー,◎,リクルートエージェント｜転職支援サービスの新規会員登録
軒先パーキング利用促進キャンペーン,軒先株式会社,軒先パーキング SHARE PARKING SERVICE,,,,,,,,
アスクルとLINEヤフーがお届けする「LOHACO by ASKUL」拡販プログラム,アスクル株式会社,LOHACO by ASKUL,,,,,,,,
セブンネットショッピング(セブン-イレブン受取なら送料無料),株式会社セブンネットショッピング,セブンネットショッピング,,,,,,,,
【公式】ニールズヤード レメディーズ 販売促進プログラム,株式会社ニールズヤードレメディーズ,ニールズヤード レメディーズ,,,,,,,,
メンズファッション通販　CAMBIO/カンビオ販促プログラム,株式会社CAMBIO,メンズファッション通販　CAMBIO/カンビオ,,,,,,,,
タウンワーク応募登録キャンペーン,Indeed Japan株式会社,タウンワーク,,,,,,,,
BRUNO online　商品購入プログラム,BRUNO株式会社,【公式】ブルーノオンライン,○,おしゃれ雑貨、ギフトの【BRUNO online】,,,,,,
アルマード公式オンラインショップ,株式会社アルマード,アルマード公式オンラインショップ,,,,,○,卵殻膜エキス配合のエイジングケア美容液【チェルラーブリリオ　卵殻膜リフトセラム】新規商品購入,,
大人のデパート エムズ 販促プログラム,株式会社ガーデン,pop life department. m's,,,,,○,アダルトグッズ通販【大人のデパートエムズ】,,
「BTOパソコン通販 パソコンショップSEVEN」 販促プログラム,株式会社セブンアールジャパン,BTOパソコン通販 パソコンショップSEVEN,,,,,,,,
海外格安航空券予約サイト-skyticket.jp-,株式会社アドベンチャー,格安航空券予約サイト-skyticket.jp-,,,,,,,,
アパレル派遣なび　登録プログラム,株式会社シーエーセールススタッフ,アパレル派遣なび,◎,アパレル業界に特化した派遣・求人情報サイト【アパレル派遣なび】登録促進,,,,,,
アットスタイル販促プログラム,株式会社カズマ,アットスタイル,◎,らくらくカンタンのコンタクト通販＜アットスタイル＞,◎,アットスタイル.COM,,,,
「格安航空券センター」チケット購入プログラム,スカイ・シー株式会社,格安航空券センター,○,国内線の比較・購入サイトの決定版【格安航空券モール】,◎,格安航空券センター,◎,【格安航空券センター】国内往復飛行機チケット比較LCC予約サイト,,
スタディサプリ高校・大学講座,株式会社リクルートホールディングス,スタディサプリ高校・大学講座,,,,,,,,
総合スポーツ用品販促キャンペーン,ゼビオ株式会社,スーパースポーツゼビオオンラインストア,◎,スポーツ用品の通販【スーパースポーツゼビオ】,◎,スーパースポーツゼビオ,,,,
アウトドア用品販促キャンペーン,ゼビオ株式会社,エルブレスオンラインストア,◎,アウトドア・キャンプ用品通販【エルブレス】,◎,エルブレス,,,,
ゴルフ用品販促キャンペーン,株式会社ヴィクトリア,ヴィクトリアゴルフオンラインストア,◎,ゴルフ用品通販【ヴィクトリアゴルフ】,◎,ヴィクトリアゴルフ,,,,
アディダスオンラインショップ販促プログラム,アディダスジャパン株式会社,adidas公式オンラインショップ,,,,,,,,
【ハンズ公式通販】ハンズネットストア,株式会社ハンズ,ハンズ ネットストア,,,,,,,,
STYLE BLOCK（スタイルブロック）販売促進プログラム,株式会社スタイルブロック,STYLE BLOCK（スタイルブロック）,,,,,,,,
「カメラのキタムラ」ネットでつくれるフォトブックサービス,株式会社カメラのキタムラ,カメラのキタムラ　プリントサービス/フォトブック,◎,「カメラのキタムラ」ネットでつくれるフォトブックサービス,,,◎,【カメラのキタムラ】ネット中古（カメラ・レンズ・カメラ用品・ブランド時計）,,
リクナビNEXT『会員登録』キャンペーン,Indeed Japan株式会社,リクナビNEXT,◎,薬剤師応援プロジェクト実施中！薬剤師転職サイト ファゲット会員登録促進,,,◎,[スマートフォン専用]【ビクトレ】＜会員登録＞ポケモンカードなどが当たる安心安全なオンラインオリパ,◎,Maru-Jan（マルジャン）｜【登録無料・ポイント最大300円贈呈】オンライン麻雀の新規会員登録
パソコンSHOPアーク販売促進キャンペーン,株式会社アーク,パソコンSHOPアーク,,,,,,,,
スーパーマーケット成城石井.com,株式会社成城石井,成城石井.com,,,,,,,,
UNITED ARROWS ONLINE  販売促進プログラム,株式会社ユナイテッドアローズ,UNITED ARROWS ONLINE,,,,,,,,
カメラのキタムラ ネット中古(カメラ・レンズ・カメラ用品の買取り),株式会社カメラのキタムラ,カメラのキタムラ　ネット中古(買取),○,「カメラのキタムラ」ネットでつくれるフォトブックサービス,,,○,【カメラのキタムラ】ネット中古（カメラ・レンズ・カメラ用品・ブランド時計）,,
国内スチールラックシェアNo1公式直販【ルミナスクラブショップ】,株式会社ドウシシャ,ルミナスクラブ,◎,国内スチールラックシェアNo1公式直販【ルミナスクラブショップ】,◎,ルミナスクラブショップ,◎,国内スチールラックシェアNo1公式直販【ルミナスクラブショップ】商品購入プロモーション,,
ドラッグストア「マツモトキヨシ・ココカラファイン」ネット販売,株式会社マツモトキヨシ,マツキヨココカラオンラインストア,◎,マツキヨココカラオンラインストア,◎,マツキヨココカラオンラインストア,,,,
お菓子・パン作りの総合サイトcotta(コッタ)プログラム,株式会社cotta,cotta*コッタ,○,メディア掲載多数・TVCMも！お菓子・パン作りの総合通販サイト【cotta】,,,,,,
ヤマダ電機の総合ショッピングモール「YAMADAモール」,株式会社ヤマダデンキ,ヤマダモール,,,,,,,,
半額あたりまえ！お得なクーポンサイト「くまポンbyGMO」販促プログラム,GMOビューティー株式会社,くまポンbyGMO,◎,おとくなクーポンサイト【くまポンbyGMO】,,,,,,
最大2ヶ月の無料お試しができるフレッツ対応インターネットプロバイダ,株式会社インターリンク,プロバイダ　インターリンク,○,固定IPアドレス付きデータ通信専用【インターリンクLTE SIM】,,,,,,
Amazon(アマゾン)アソシエイトプログラム,アマゾンジャパン株式会社,Amazon.co.jp通販サイト(アマゾン),○,いつでも、どこでも【Amazon Prime Video】,,,○,【Amazon Prime Video（アマゾンプライムビデオ）】映画・TV番組見放題,,
JAC Recruitment 無料転職サポート 会員登録促進キャンペーン,株式会社ジェイ エイ シー リクルートメント,JAC Recruitment 無料転職サポート 会員登録促進キャンペーン,,,,,,,,
ヤマハの楽譜データ配信販売サイト「ぷりんと楽譜」,株式会社ヤマハミュージックエンタテインメントホールディングス,ヤマハの楽譜データ配信販売サイト「ぷりんと楽譜」,◎,欲しい楽譜を1曲から簡単購入！ヤマハの楽譜配信サービス「ぷりんと楽譜」,,,,,,
カメラのキタムラ　ネットプリント(デジカメプリント・フォトブック),株式会社カメラのキタムラ,カメラのキタムラ　プリントサービス/フォトブック,○,「カメラのキタムラ」ネットでつくれるフォトブックサービス,,,○,【カメラのキタムラ】ネット中古（カメラ・レンズ・カメラ用品・ブランド時計）,,
なちゅライフ　プログラム,株式会社オージオ,なちゅライフ,,,,,,,,
ブルックス ブラザーズ ジャパン販促プログラム,株式会社ブルックス ブラザーズ ジャパン,ブルックスブラザーズ,,,,,,,,
『クラブツーリズム』　★海外旅行★,クラブツーリズム株式会社,クラブツーリズム株式会社,◎,仲間が広がる、旅が深まる【クラブツーリズム】,,,◎,国内・国外旅行【クラブツーリズム】,,
『クラブツーリズム』　★国内旅行★,クラブツーリズム株式会社,クラブツーリズム株式会社,◎,仲間が広がる、旅が深まる【クラブツーリズム】,,,◎,国内・国外旅行【クラブツーリズム】,,
『クラブツーリズム』　★バス旅行★,クラブツーリズム株式会社,クラブツーリズム株式会社,◎,仲間が広がる、旅が深まる【クラブツーリズム】,,,◎,国内・国外旅行【クラブツーリズム】,,
【LYPプレミアム（旧Yahoo!プレミアム）】　会員獲得プログラム,LINEヤフー株式会社,LYPプレミアム（旧Yahoo!プレミアム）,○,業界トップクラスの車買取実績安心の証【carview!】,,,,,,
ダイエーネットショッピング販売プログラム,株式会社ダイエー,ダイエーネットショッピング,,,,,,,,
ALSOKホームセキュリティ資料請求獲得プログラム,ALSOK株式会社,ALSOK株式会社,○,24時間365日の安心を【ALSOKホームセキュリティ】,,,,,,
ロクシタンオンラインショップ,ロクシタン ジャポン株式会社,ロクシタン オンラインショップ,◎,【ロクシタンオンラインショップ】,,,,,,
看護師求人サイト MCナースネット会員登録キャンペーン,株式会社メディカル・コンシェルジュ,MC-ナースネット,◎,メディカル・コンシェルジュ求人サイト【MCナースネット】会員登録,,,,,,
【アイリスプラザ】商品販売プログラム,株式会社アイリスプラザ,アイリスプラザ,◎,アイリスプラザインターネットショッピング【ペット用品専用】,,,◎,アイリスオーヤマ公式通販サイト【アイリスプラザ】　商品購入プロモーション,,
中古パソコン.com,株式会社エスエヌシー,中古パソコン.com,○,3年保証にお気楽返品！業歴20年超えの老舗中古パソコン専門店！【PC WRAP】,,,,,,
ベルーナグルメ 販売プログラム,株式会社ベルーナ,ベルーナグルメ,,,◎,ベルーナグルメ,◎,食品・グルメ通販の【ベルーナグルメ】,,
オージオ ネット 販売プログラム,株式会社オージオ,OZIOnet(オージオ ネット),,,,,,,,
【パソコン森田】中古パソコン販売プログラム,株式会社パソコン森田,中古パソコンショップ0799.jp,,,,,,,,
特価COM拡販プログラム,株式会社ストリーム,特価COM,,,,,,,,
「フジテレビフラワーネット」販売促進プログラム,株式会社dinos,フジテレビフラワーネット,,,,,,,,
集英社HAPPY PLUS STORE,株式会社集英社,集英社HAPPY PLUS STORE,,,,,,,,
「NEWYORKER（ニューヨーカー）」公式ストア アフィリエイトプログラム,株式会社ダイドーフォワード,NY.ONLINE,,,,,,,,
ファッション通販サイト『WORLD ONLINE STORE』プログラム,株式会社ファッション・コ・ラボ,WORLD ONLINE STORE(ワールド オンラインストア),,,,,,,,
【25年10月終了予定】『WORLD ONLINE STORE』メンズプログラム,株式会社ファッション・コ・ラボ,WORLD ONLINE STORE(ワールド オンラインストア),,,,,,,,
1日1枚20分の幼児・小学生の通信教育教材入会申込/がんばる舎,株式会社がんばる舎,がんばる舎,,,,,,,,
パソコン周辺機器・各種デジタル機器メーカーロジテック公式通販サイト,ロジテックINAソリューションズ株式会社,ロジテックダイレクト(Logitec直販サイト),,,,,,,,
ACE ONLINESTORE販促プログラム,エース株式会社,ACE ONLINE STORE,,,,,○,人気ゴルフ用品ブランド【オロビアンコゴルフオンラインショップ】,,
ツクモネットショップ アフィリエイトサイト募集,株式会社ヤマダデンキ,TSUKUMO ネットショップ(ツクモネットショップ),,,,,,,,
セコム・ホームセキュリティの資料請求・見積依頼プログラム,セコム株式会社,セコム・ホームセキュリティ,◎,セキュリティは安心のSECOM【セコム・ホームセキュリティ】資料請求促進,◎,セコムホームセキュリティ,◎,【セコム・ホームセキュリティ】資料請求プロモーション,,
ザボディショップ オンラインショップ,ザボディショップジャパン株式会社,THE BODY SHOP(ザボディショップ)オフィシャルサイト,,,,,,,,
ルミネのネット通販「アイルミネ」販売促進プログラム,株式会社ルミネ,アイルミネ,,,◎,i LUMINE（アイルミネ）,,,,
ホテルズドットコム（Hotels.com）予約キャンペーン,"Expedia, Inc.",ホテルズドットコム（Hotels.com）,,,,,○,旅行ならエクスペディア【Expedia（エクスペディア）】,,
安心のメーカー公式通販サイト「エレコムダイレクトショップ」。,エレコム株式会社,エレコムダイレクトショップ,○,血行促進×疲労回復。着るだけでカラダが整う機能性ウェア【ECLEAR リカバリーウェア】,,,,,,
ナース専門通販「ナースリー」の商品拡販プログラム,株式会社ナースステージ,ナースリー,,,,,,,,
『シゴトin』全国のバイト・派遣・転職まとめて検索カンタン応募,株式会社ジェーピーツーワン,シゴトin,,,◎,シゴトin,,,,
ECカレント販促プログラム,株式会社ストリーム,ECカレント,,,,,,,,
雑誌のFujisan.co.jp,株式会社富士山マガジンサービス,雑誌のFujisan.co.jp,○,【最大70%割引】雑誌のオンライン書店「Fujisan.co.jp」紹介,,,,,,
【CD/DVD/ゲームを買うならお得なNeowingで!】,株式会社ネオ・ウィング,CD&DVD NEOWING,,,,,,,,
【シャディ公式】内祝や、お返しも！ギフト専門店シャディギフトモール,シャディ株式会社,シャディ,◎,【シャディ公式】内祝や、お返しも！ギフト専門店【シャディギフトモール】,,,,,,
ワイモバイルオンラインストア,ソフトバンク株式会社,ワイモバイルオンラインストア,○,ソフトバンクでんきの【おうちでんき】,,,,,,
Renta!プログラム,株式会社パピレス,Renta！,◎,家具・家電を30日ごとにサブスクできる【Cosmo SubscRental】,◎,R&Y Rental,,,,
AOSストア販売促進キャンペーン,AIデータ株式会社,データの復旧・移行・消去・バックアップなどの直販サイト「AOSストア」,,,,,,,,
スカパー!新規加入プロモーション,スカパーJSAT株式会社,スカパー!,◎,スカパー!新規加入,,,,,,
【タワーレコード公式サイト】CD/DVD情報満載!,タワーレコード株式会社,TOWER RECORDS ONLINE,,,,,,,,
【J-TRIP】JALで行く！国内旅行のジェイトリップツアー 販売キャンペーン,株式会社ジェイトリップ,【J-TRIP】国内旅行・国内ツアーのジェイトリップツアー,◎,JALで行く！格安国内旅行のジェイトリップ（J-TRIP）,,,○,【ジェイトリップツアー】沖縄・北海道・九州・東京・スキーの国内旅行申込プロモーション,,
LEC 東京リーガルマインド　商品販売キャンペーン,株式会社東京リーガルマインド,LEC 東京リーガルマインド オンラインショップ,○,LECオンライン（東京リーガルマインド）講座・書籍,,,○,各種国家資格受験の対策なら【LECオンライン（東京リーガルマインド）】 商品購入,,
ジャルパック　海外ツアー,株式会社ジャルパック,ジャルパック　海外ツアー,,,,,,,,
ジャルパック　国内ツアー,株式会社ジャルパック,ジャルパック　国内ツアー,,,,,,,,
フラワーギフト販促用プログラム,フラワーファーム株式会社,フラワーファーム,,,,,,,,
旅行予約のエクスペディア【Expedia】　宿泊／航空券＋宿泊／航空券,"Expedia, Inc",【Expedia Japan】旅行予約のエクスペディア,,,,,◎,旅行ならエクスペディア【Expedia（エクスペディア）】,,
SQUARE ENIX(スクウェア・エニックス)　e-STORE販売促進プログラム!,株式会社スクウェア・エニックス,SQUARE ENIX　e-STORE,,,,,,,,
【無料サンプル】ORBISスキンケアチェックプログラム,オルビス株式会社,オルビス(スキンケアチェック),◎,「ディズニーの英語システム」無料サンプルプレゼント,,,◎,ディズニー英語システム（幼児向け英語教材） 無料サンプル応募,,
ソースネクスト(SOURCENEXT)販売促進プログラム!!,ソースネクスト株式会社,ソースネクスト,◎,【ソースネクストソフトウェア・IoT通常報酬プログラム】,,,◎,【ソースネクスト】国内外から厳選したIoTやソフトウェア,◎,ソースネクスト(SOURCENEXT)商品購入
【オルビス】新規商品購入獲得キャンペーン!!,オルビス株式会社,オルビス(物販/定額),◎,肌の乾燥が気になる方に。オルビスのインナーケア『ディフェンセラ』,,,,,,
【るるぶトラベル】国内宿泊予約サイト、宿泊予約プログラム,株式会社JTB,【JTB】るるぶトラベル(国内宿泊予約),○,【デジタルギフト「してね」】JTBグループからの新サービス｜高単価商品多数,,,○,【JTB】国内旅行,,
サニーヘルスショッピング,サニーヘルス株式会社,サニーヘルスショッピング,,,,,○,マイクロダイエット定率報酬プロモーション,,
【TOKYO LIFE】販売促進キャンペーン!,株式会社東京ライフ,Tokyo Life (東京ライフ) | 大人の男女の為のセレクトショップ,,,◎,Tokyo Life,◎,大人の男女へのライフスタイル提案型セレクトショップ・【TOKYO LIFE】　商品購入プロモーション,,
ハイブリッド型総合書店【honto】,大日本印刷株式会社,書籍と電子書籍のハイブリッド書店【honto】,,,,,,,,
国内格安航空券予約サイト-skyticket.jp -,株式会社アドベンチャー,格安航空券予約サイト-skyticket.jp-,,,,,,,,
ソフトバンクオンラインショッププログラム,ソフトバンク株式会社,ソフトバンクオンラインショップ,◎,ソフトバンクでんきの【おうちでんき】,◎,SoftBank光(ソフトバンク光)　【エヌズカンパニー】,◎,驚きの現金還元！「ケータイ乗り換え.com」ソフトバンク携帯電話契約（問い合わせペース）,,
【HIS】 海外・国内旅行 プログラム,株式会社エイチ・アイ・エス,HIS(エイチ・アイ・エス)海外・国内旅行,,,,,◎,【HIS】海外・国内旅行の申し込み,,
大丸松坂屋オンラインストア,株式会社大丸松坂屋百貨店,大丸松坂屋オンラインストア,○,百貨店初のサブスク型ファッションレンタルサービス【AnotherADdress】,,,○,サブスクリプション型ファッションレンタルサービス【AnotherADdress（アナザーアドレス）】,◎,大丸松坂屋オンラインストア｜商品購入
一休レストラン予約プログラム,株式会社一休,一休.comレストラン,○,【一休.com】厳選されたホテル予約,,,,,,
PCソフトウェア ダウンロード販売のアフィリエイト,株式会社ベクターホールディングス,ベクターPCショップ,◎,ベクターPCショップ　「プロレジ」パソコンソフトダウンロード販売,,,,,,
ピアス専門店グリーンピアッシング　紹介キャンペーン,有限会社ミックスナッツ,ピアス専門店グリーンピアッシング,,,,,,,,
ホットペッパーグルメ 飲食店ネット予約プログラム,株式会社リクルート,ホットペッパーグルメ,○,急な支払いにもリクルートの請求書立替払いサービスで対応【請求書立替払いサービス】,,,○,ホテル・宿予約サイトなら【じゃらんnet】WEB予約,,
【バジェットレンタカー】新規無料会員は【1000円OFF】クーポンプレゼント,株式会社イデックスオート・ジャパン,バジェットレンタカー,,,,,,,,
◆Yahoo!トラベルアフィリエイト◆国内レジャー予約,LINEヤフー株式会社,Yahoo!トラベル,◎,【Yahoo!トラベル】取り扱い施設数が約17000施設!!国内最大級宿泊予約サイト,,,,,,
幼児から大学受験生まで【Ｚ会の通信教育】資料請求,株式会社Z会,株式会社Z会（Z会　資料請求用ページ）,◎,幼児から大学受験生まで【Ｚ会の通信教育】資料請求,,,,,,
eBEST(イーベスト),株式会社ストリーム,eBEST(イーベスト),,,,,,,,
カメラのキタムラのネットショップ,株式会社カメラのキタムラ,カメラのキタムラ ネットショップ,○,「カメラのキタムラ」ネットでつくれるフォトブックサービス,,,○,【カメラのキタムラ】ネット中古（カメラ・レンズ・カメラ用品・ブランド時計）,,
【JTB】海外旅行　予約プログラム,株式会社JTB,【JTB】海外旅行,◎,【デジタルギフト「してね」】JTBグループからの新サービス｜高単価商品多数,,,◎,【JTB】国内旅行,,
【OZmall（オズモール）】プレミアム予約,スターツ出版株式会社,OZmall(オズモール),○,厳選ホテル・旅館・レストラン・ 美容室の贅沢プランをお得に予約。東京女子に人気【OZmall】,,,◎,OZmall(オズモール) プレミアム予約【ビューティ】ヘアサロン・美容院・美容室予約、リラクゼーション・マッサージサロン予約,,
【スタディサプリ進路】資料請求プログラム!!,株式会社リクルート,スタディサプリ進路,○,急な支払いにもリクルートの請求書立替払いサービスで対応【請求書立替払いサービス】,,,○,ホテル・宿予約サイトなら【じゃらんnet】WEB予約,,
Yahoo!ショッピング(ヤフーショッピング),LINEヤフー株式会社,Yahoo!ショッピング(ヤフー ショッピング),○,業界トップクラスの車買取実績安心の証【carview!】,,,,,,
紀伊國屋書店　ウェブストア,株式会社紀伊國屋書店,紀伊國屋書店ウェブストア,,,,,,,,
ゆこゆこネットキャンペーン,株式会社ゆこゆこ,ゆこゆこネット,,,,,,,,
L.L.Bean公式通販サイト販促プログラム,L.L.Bean International,L.L.Beanオンラインショップ（LLBean）,,,,,,,,
楽器販売大手、石橋楽器オンラインショップです!,株式会社石橋楽器店,石橋楽器店,◎,【石橋楽器店】業界トップの楽器専門オンラインショップ,,,,,,
【JTB】国内宿泊予約(旅館・ホテル)と国内ツアー予約プログラム,株式会社JTB,【JTB】国内旅行(宿泊+ツアー)予約サイト,◎,【デジタルギフト「してね」】JTBグループからの新サービス｜高単価商品多数,,,◎,【JTB】国内旅行,,
【リクナビ派遣】派遣のお仕事エントリープログラム,Indeed Japan株式会社,リクナビ派遣,,,,,,,,
ファンケル★【通販限定】各『お試しセット』キャンペーン,株式会社ファンケル,【ファンケル】お試し販売キャンペーン!,◎,セルビックEGF・FGF美容液 [5days]999円お試しセット,◎,マインドガードＤＸお試しセット,◎,完全無添加ドッグフード＜お試しセット＞【ドッグフード工房】,◎,生協の宅配「コープデリ」の資料請求・お試しセット・加入｜コープの安心食材・日用品宅配
【日本旅行】国内ツアー・国内宿泊・海外ツアー販売,株式会社日本旅行,日本旅行ホームページ,○,お得なツアーを多数掲載【国内ツアー】,◎,「赤い風船」　日本旅行,,,,
ABLENET VPS (FX自動売買にも使える),株式会社ケイアンドケイコーポレーション,ABLENET,◎,一律料金でユーザー数無制限！かんたん操作のクラウドストレージ【ABLENETストレージ】,,,,,,
ネットオフの本、CD、ゲーム、DVD等販売促進プログラム,ネットオフ株式会社,ネットオフ(販売),,,,,,,,
★ホテル・宿予約サイト「じゃらんnet」,株式会社リクルート,じゃらんnet,◎,【じゃらんｎｅｔ】宿泊予約,◎,じゃらんnet,◎,ホテル・宿予約サイトなら【じゃらんnet】WEB予約,,
☆☆【全農】JAタウン産地直送品販売キャンペーン,全国農業協同組合連合会,JA タウン,,,,,,,,
イーフローラ,株式会社イーフローラ,イーフローラ,,,,,,,,
【ヒューマンアカデミー】資料請求獲得プログラム,ヒューマンアカデミー株式会社,★at human.com★ ヒューマンアカデミー,◎,累計10万人受講のロボット&プログラミング教室【ヒューマンアカデミージュニア】,,,◎,ヒューマンアカデミー通信講座,◎,ヒューマンアカデミー通信講座の申込
ナチュラルチーズ販売,株式会社オーダーチーズ,オーダーチーズ・ドットコム,,,,,,,,
フルカスタマイズBTOパソコンショップVSPEC,株式会社ウィズテック,BTOパソコンのVSPEC,,,,,,,,
国内総合プログラム,近畿日本ツーリスト株式会社,近畿日本ツーリスト　国内,,,,,,,,
バリューコマースECサイト(広告主)募集,バリューコマース株式会社(A),バリューコマース株式会社(ECサイト募集),,,,,,,,
株式会社アルコシステム,株式会社アルコシステム,株式会社アルコシステム,○,新規キャッシング【アルコシステム】会員募集・利用促進,,,,,,
ストーム,株式会社アイティーシー,ストーム,,,,,,,,
大塚商会「ぱーそなるたのめーる」,株式会社大塚商会,大塚商会「たのめーる」の個人様向けサイト「ぱーそなるたのめーる」,,,,,,,,
お名前.com,GMOインターネット株式会社,お名前.com,◎,超高速かつ24時間安定稼働！FX専用VPS【お名前.com デスクトップクラウド】申込募集,,,,,◎,【お名前.com】ドメイン登録プロモーション / GMOインターネット株式会社
Lenovo/レノボ公式オンラインストア,レノボ・ジャパン合同会社,レノボ・ショッピング　【フル・カスタマイズ可能】,,,,,,,,
高級ホテル・旅館予約「一休.com」,株式会社一休,一休.com,◎,【一休.com】厳選されたホテル予約,,,,,,
幼児教材「ディズニーの英語システム」無料サンプル請求プログラム,ワールド・ファミリー株式会社,ワールド・ファミリー「ディズニーの英語システム」,◎,「ディズニーの英語システム」無料サンプルプレゼント,,,○,ディズニー英語システム（幼児向け英語教材） 無料サンプル応募,,
【クルマのことなら何でもおまかせ】中古車のガリバー,株式会社IDOM,クルマのことなら何でもお任せ!　[ガリバーインターナショナル],○,ガリバー中古車在庫問い合わせ,,,,,,
最低価格保証の宿泊予約サイト「トクー！」有料会員登録促進プログラム,クーコム株式会社,トクー !,,,,,,,,
murauchi.com ( 株式会社ムラウチドットコム ),株式会社ムラウチドットコム,murauchi.com( ムラウチドットコム ),,,,,,,,
バリューコマース　アフィリエイト新規会員募集,バリューコマース株式会社(A),バリューコマース株式会社(A),,,,,,,,
