ドメイン,最終アーカイブ,タイトル,備考
0ovo0.jp,,,アーカイブなし
10club.jp,2023-04,10日前直前予約テンくらぶ,
1644.jp,2025-06,株式会社トータルクリーニングイロヨシ（公式ホームページ）,リダイレクト
1c4c.jp,2019-01,s.masato,
1kt.jp,2014-12,携帯サイト作成・制作・簡単更新・ASP・CMS|ケータイファースト|iPhone・アンドロイド｜スマートフォン対応,リダイレクト
4122co.jp,2025-10,Marriage Meeting 4122 - 婚活支援のマリッジ・ミーティング 4122,
851.jp,2023-12,LEDビジョンレンタル・イベントの事ならお任せ下さい。,
89mo.jp,2020-09,やくも株式会社のエンバーミング（Embalming）,
9web.jp,2019-09,9web.jp – このドメインはお名前.comで取得されています。,
abraham.jp,2021-11,,タイトル取得失敗
adesso-class.jp,,,アーカイブなし
aero-marine.jp,,,アーカイブなし
affection.jp,2021-04,ハンドメイド革工房アフェクション,リダイレクト
aisync.jp,2013-08,位置/地図(エリア)連動広告【aisync アイシンク】,リダイレクト
andfolk.jp,,,アーカイブなし
andu.jp,2025-03,ANDYOU-アンドユー- &#8211; レンタル彼氏in福岡,
antiboo.jp,2017-09,トミーズ・スター &#8211; SINCE 1979,
aoi-lab.jp,2016-03,あおい研究所 | aoi laboratory,リダイレクト
apus.jp,2026-05,福袋情報機関,
aquaviage.jp,2025-10,アクアcomic,
aramespresso.jp,2025-12,Site is undergoing maintenance,
arkmedical.jp,,,アーカイブなし
art-a.jp,,,アーカイブなし
asahiestate.jp,2024-12,大阪府藤井寺市の不動産なら朝日住宅販売,
asanetwork.jp,2025-06,アサネットワーク &#8211; 三重県名張市のライフサポーター,
asbz.jp,2021-12,MilkyStep Control Panel,
asir-salon.jp,2024-04,eye design salon『asir』 | 大阪梅田 まつげエクステ・まつげパーマ専門サロン アシール,
audio-king.jp,2022-10,オーディオを買取のオススメはココ！マニアも納得の高価買取り店をランキング,
bakery-chef.jp,2025-10,ベーカリーシェフ &ndash; ベーカリーシェフ,
beelab.jp,2026-06,b e e l a b . | 福岡のWEB制作 - ビーラボラトリー -,
belladonna-tokushima.jp,2025-03,,タイトル取得失敗
benew.jp,2026-06,エックスサーバー サーバー初期ページ,
bizdine.jp,,,アーカイブなし
bizhelper.jp,2024-03,全国の士業をサービスごとに料金や口コミで比較｜Biz Helper[ビズヘルパー],
blancolour.jp,2025-07,レディースファッション通販 - Blancolour ブランカラー,リダイレクト
boosterdry.jp,2025-03,BOOSTERDRY,リダイレクト
boseki-honpo.jp,2026-01,【全国】墓石を適正な価格で探せる・現地確認と見積り無料 納得の墓石選びをお手伝い 2000件実績｜墓石本舗,
buysell.jp,,,アーカイブなし
cacar-na.jp,,,アーカイブなし
casius.jp,,,アーカイブなし
celldio.jp,2024-08,CELLDiOプラス｜日本製ヒト幹細胞培養液配合コスメ,
chat-noir-ikeda.jp,2024-10,403 Error - Forbidden,
chatworld.jp,,,アーカイブなし
chi--chan.jp,2026-05,トップページ - ちーブロ,
chronogear.jp,2022-06,時計の修理・オーバーホールのおすすめ店！必要な期間や料金・評判まとめ,
climblab.jp,2026-05,CLIMB Lab.,
coinmarketcap.jp,2023-01,"Coinmarketcap | Cryptocurrency Prices, Charts and Market Overview",
colonicle.jp,,,アーカイブなし
colourfulbaloon.jp,2025-02,Colourful Baloon &#8211; 広い世界へ のらりくらりと飛び立とう,リダイレクト
comunicativo.jp,2021-11,M&W Eco,
conomeallab.jp,2021-12,このみる研究所 | すぐに役立つ暮らしの知恵をお届け,
coregravel.jp,2024-11,砂利安定材コアグラベルでお庭の雑草対策やガレージの施工 - コンクリートに代わる安価な砂利安定材,
costamilia.jp,2025-04,costamilia new,
covid-19-ryouyo-calendar-hkd.jp,2026-06,コロナ後遺症が治った体験談・ブログ | コロナ後遺症が治った体験談を紹介するブログです。,
craft-world.jp,2021-12,,タイトル取得失敗
crypto-ledger.jp,,,アーカイブなし
d-malth.jp,2025-11,山口市の美容室・美容院 | MALTH,
d-racers.jp,2025-05,【レーシングシミュレーター】D'ステーションレーサー『D'STATION RACERS』（公式ホームページ）,リダイレクト
dameotoko.jp,2013-06,ダメオトコ.jp,
dana-company.jp,2021-08,縫製工場「ダーナ有限会社」,リダイレクト
dear1.jp,2023-03,特定非営利活動法人ディアーワン｜自由な働き方ができる阿倍野区の介護施設,
dinerrough.jp,,,アーカイブなし
do-nuts.jp,2022-03,do-nuts.jp – このドメインはお名前.comで取得されています。,
domingos.jp,2021-11,スターサーバー サーバーデフォルトページ,
dosomething.jp,2026-04,top - 就労継続支援Ｂ型事業所 ドゥ サムシング | 仙台市 めだか飼育 多肉植物生育,
dotdev.jp,,,アーカイブなし
e-oases.jp,2025-07,株式会社OASES,
e-remodel-hiroshima.jp,2022-08,日本eリモデル広島支店 | 施工例(事例・実例) 評判(口コミ) - 日本eリモデル株式会社,
e-remodel-osaka.jp,2021-12,日本eリモデル大阪支店 | 施工例(事例・実例) 評判(口コミ) - 日本eリモデル株式会社,
eco-barrier.jp,2024-09,飲食店・オフィスでのウィルス対策に！抗ウィルス・抗菌コーティング「エコバリア」,
ecoene.jp,2025-03,Eco Energy Corporate Website,
econas.jp,,,アーカイブなし
eminowa.jp,2025-02,エックスサーバー サーバー初期ページ,
emporio.jp,2026-01,株式会社エンポーリオ,
enterstellar.jp,2026-03,Enterstellar Studios &#8211; Transporting entertainment between stars.,
equifine.jp,2026-06,株式会社EQUIFINE｜JRA美浦トレセンから車で15分の競走馬育成牧場,リダイレクト
eraboune.jp,2026-01,トップ | えらぼうね,
ero-hitomi.jp,2026-01,【hitomi 無料0円】 | アーカイブ,
eslog.jp,2025-04,30代40代の女性が輝ける大阪高収入メンズエステ求人サイト「エスログ 大阪」,リダイレクト
exergirls.jp,2024-12,EXERGiRLS | 日本発のグローバル・フィットネス・アイコン,
extage-ye.jp,,,アーカイブなし
eye-eye.jp,2018-04,,タイトル取得失敗
f-d-a.jp,2024-12,FDA ファッションデコレーター協会,
f-marugoto.jp,2025-07,仙台のフルーツ専門店MARUGOTO マルゴト,
fankey.jp,2024-09,FanKey | TikTok・Instagram運用,
firststeps.jp,2025-11,,タイトル取得失敗
freelancejapan.jp,,,アーカイブなし
fujisetu.jp,2025-11,水まわりのトラブルやリフォームならおまかせ、福山市手城町の水道屋さんフジイリフォームです。,
fukawadentalclinic.jp,2025-01,フカワ歯科（医療法人普川歯科医院） | 大阪府大阪市鶴見区 放出駅から徒歩6分の歯科,リダイレクト
fukuoka-ics.jp,2026-05,熊本美容師求人に特化した求人・転職サイト「ピタッと！」,
furukawa-cooking.jp,2025-12,古川クッキングスクール,
futaba-name.jp,2025-03,株式会社双葉ネーム,
g99.jp,2021-06,学資保険99…学資保険とは？,
geosens-s.jp,2024-11,リモート監視/操作システム構築・環境機器/計測装置販売・メンテナンスのジオセンシングシステム株式会社,
golfcommerce.jp,,,アーカイブなし
gooddrink.jp,2022-04,Welcome to Good Drink - Good Drink,
goodlifespace.jp,2026-04,松本市 レンタルスペース | グッドライフスペース |笹部,リダイレクト
greenland.jp,2026-01,廃プラスチックの買取ならグリーンランド株式会社にご相談ください,
hamanako-dojo.jp,,,アーカイブなし
henro-yado.jp,2023-12,お遍路さんの旅宿ガイド - 縁の会 - ENISHI NO KAI,
higashiurahorumon.jp,2025-03,東浦ホルモン,
hinomaru-print.jp,2025-07,日ノ丸印刷株式会社,
hitatsu.jp,,,アーカイブなし
hmplus.jp,,,アーカイブなし
houkouen.jp,2021-12,芳香園《茶道具専門店》,
hureai-moriyama.jp,,,アーカイブなし
ic-osaka.jp,2024-09,大阪インプラント専門サイト【梅田】大阪デンタルクリニック,
iiyume.jp,2024-07,"One moment, please...",
immunodermatology.jp,,,アーカイブなし
itosaku.jp,2015-07,home,リダイレクト
iyhomes.jp,2025-03,アイワイホームズ（不動産売買・賃貸・管理）,
jhsec.jp,2026-06,JHSeC - JHSeC,
jinaimachi.jp,2024-12,jinaimachi.jp,
josui.jp,2024-05,如水陽瞬 Official Site,
jscw.jp,2024-08,"一般社団法人日本サルコペニア・悪液質・消耗性疾患研究会 | Japanese Society for Sarcopenia, Cachexia and Wasting Disorders",
jvva.jp,2025-04,一般社団法人 日本ヴォイスヴィジュアル協会（JVVA） トップページ,
jyoukamachi-hormone.jp,2025-12,J-コミック,
kamokamoweb.jp,,,アーカイブなし
kan-tsu.jp,2024-10,沖縄県 設計事務所 北谷町 津嘉山建築設計事務所,リダイレクト
kansaipo.jp,2026-01,借金完済の一歩｜はじめて債務整理をする時に見るメディア,
karuizawalife.jp,2025-11,軽井沢アート - 軽井沢ライフ＆アート 谷口令,
kasep.jp,2022-06,KASEP,
kashiho-atagoya.jp,2025-08,生チョコどら 生どら - 菓子舗 愛宕屋,
kawaiivape.jp,,,アーカイブなし
kec-kyoto.jp,2025-05,有限会社K.E.C,
keiunsha.jp,,,アーカイブなし
kenko-niigata.jp,2026-01,からだがよろこぶデリキャンペーン｜新潟県福祉保健部,
kikikaihi.jp,,,アーカイブなし
kitakami-tdp.jp,2026-01,北上ふるさと納税サポートセンター 岩手県北上市のふるさと納税,
knowledge-next.jp,2025-12,オーディオ買い取り優良店はどこ？,
kojimasatoshi.jp,2023-10,403 Error - Forbidden,
kowa-insatsu-shiki.jp,2025-09,甲和印刷紙器株式会社,リダイレクト
krazy.jp,2019-01,Krazy Kool Klassix,
kuragaki.jp,2026-05,倉垣豊明 税理士事務所 | 相続対策なら武蔵野市、吉祥寺、三鷹市の税理士事務所,リダイレクト
kyoto-kofu.jp,2024-04,京都の不動産ならコーフーエステートへ！,
kyoto-takao.jp,2025-09,キョウトコミック |,
laugh-and-learn.jp,2026-05,HOME | つくば・水戸のモンテッソーリ教育 幼児英会話、英語総合学習教室 LAUGH &amp; LEARN,リダイレクト
link-estate.jp,2022-02,株式会社リンク,
little-nurse-school.jp,2026-05,リトナスコミック,
lodge.jp,2026-04,403 Error - Forbidden,
lookfilm.jp,,,アーカイブなし
magenta-clear.jp,2019-07,オーラ撮影・バッチフラワーレメディ・現代レイキ マジェンタ[香川県高松市],
magictime.jp,2016-01,クシャトリヤの小肩化 of こんな風にご依頼したい（仮称）,
mail-server.jp,2015-08,IT研修のシンデレラ,
mainahokensyou-pr.jp,,,アーカイブなし
malimo.jp,2025-09,MALIMO,
mangapro.jp,2026-02,マンガよ、変われ│素人集団がマンガ界に革命を起こすまでの物語,
massiveworld.jp,2026-04,MASSIVE WORLD,
medisuppo.jp,2026-03,メディサポ看護師,
menzap.jp,2025-11,"One moment, please...",リダイレクト
merry-go-round.jp,2023-02,merry-go-round,リダイレクト
metekh.jp,2025-02,めっき 表面処理 研磨｜北海道恵庭市のメテック株式会社北海工場,
mirai-zu.jp,,,アーカイブなし
mirura.jp,2023-06,Miso &amp; Olive,
miyagimariage.jp,2023-02,みやぎマリアージュ推進プロジェクト,
mizuma-s.jp,2025-09,株式会社ビルダーストーリー | 株式会社ビルダーストーリーは○○○○○○○○を専門とする○○○○○○○○会社です。,
mk-s.jp,2022-07,全く新しいビジネス”業務代行サービス”｜株式会社ＭＫサービス,
mm-kaigo.jp,,,アーカイブなし
money-doctor.jp,2022-03,FP組合マネードクター,リダイレクト
morinosobaya.jp,,,アーカイブなし
mos-order-sofa.jp,,,アーカイブなし
mylifedesign.jp,2025-08,ニューヨークで撮影ならMY LIFE DESIGN,
nakajimarenbai.jp,2025-11,中島廉売,
nengajyo.jp,2022-02,nengajyo.jp – このドメインはお名前.comで取得されています。,
nenone.jp,2025-03,nenone,
neton.jp,2006-12,,タイトル取得失敗
niigata-helmet.jp,2025-02,ヘルメットかぶろっと | 新潟県自転車ヘルメット着用促進県民キャンペーン,
nimbelcarrier.jp,2026-04,https://nimbelcarrier.jp/ &ndash; Nimbel Carrier Japan,リダイレクト
nin2.jp,2023-06,NIN2,
nishohome.jp,2025-08,東京・神奈川・埼玉・千葉で外壁・屋根・水廻りなど各種リフォームは日笑ホーム,
nitteku-m.jp,2023-06,新しい商材を皆様にお届けするニッテクメディアでございます - ニッテクメディア,
nobeoka-grace-church.jp,2024-11,イエスキリスト延岡グレイスチャーチ 延岡市のキリスト教会,リダイレクト
okadapackage.jp,,,アーカイブなし
okadasome.jp,2026-03,岡田染工場,
okinawablue.jp,2024-09,okinawa blue | 水中撮影とダイビングのオキナワ・ブルー,
okta-nagoya.jp,2025-05,okta-nagoya | Oktaは世界67カ国125都市以上に支会をもつ世界唯一のコリアンネットワークです。,
os-ikeda.jp,2024-03,洋服のリフォーム イケダ,
otori-glass.jp,2025-01,住宅・建材 施工・費用の事なら福井県美浜町 株式会社尾鳥硝子店にお任せください。,
p-arc.jp,,,アーカイブなし
parkhome-aomori.jp,2025-09,トレーラーハウスのパークホームズ青森店,リダイレクト
pekoline.jp,2019-08,pekoline.jp&nbsp;-&nbspThis website is for sale!&nbsp;-&nbspスタンプ プレゼント 対象 ペコちゃん 登場 ライバル 不二家 してる Resources and Information.,パーキング
petmemorial-yono.jp,2025-05,埼玉のペット霊園「ペットメモリアル与野」,
picklelife.jp,2026-06,ピックルボールの総合サイト,
pinkshower.jp,2016-06,pink shower | ピンクシャワー オフィシャルサイト,リダイレクト
pluckjj.jp,2025-10,TOP｜株式会社PLUCK(プラック)はお客様の課題解決をDXで実現します。 - 株式会社PLUCK(プラック)はお客様の課題解決を実現します。,
poesieveneziane.jp,2025-06,POEVE___＜Poesie Veneziane＞ &ndash; POEVE.JP(Poesie Veneziane.jp),リダイレクト
presm.jp,2025-02,お探しのページが見つかりません｜アンドウェブ,
print1alpha.jp,2025-04,特殊プリント加工｜株式会社アルファ - 特殊プリント加工【株式会社アルファ】,
promoapps.jp,2022-07,Domain Default page,
proseed-hp.jp,2025-02,格安での自動車・車の陸送・輸送は株式会社プロシード,
prospects.jp,2009-02,THE WEBSITE OF プロスペクト,リダイレクト
puisto.jp,2025-04,HOME | PUISTO,
qraphics.jp,2026-05,"Qraphics - Your RT-qPCR Data, Simplified (RT-qPCR data graphing and statistical analysis app)",
qurial.jp,2026-01,国産馬刺し | 株式会社クリアル qurial | 熊本,リダイレクト
ranet.jp,,,アーカイブなし
rccp.jp,2024-12,ロイヤルカナン 犬種専用フード トライアルパック 購入者限定キャンペーン,
rdblog.jp,2026-04,電気製品メーカーが製品の生産工程や、技術的な情報を発信しています！,
reiai.jp,2025-08,サイト運営者の方へ,
replus-life.jp,2025-09,中古住宅専門店 リプラス｜名古屋市・名古屋市周辺の中古住宅リノベーションや物件（一戸建て・マンション）検索,
respal.jp,2025-02,,タイトル取得失敗
reworth.jp,2021-12,不動産コンサルティングのリワース | TOP,
ribbon-kango.jp,2025-02,鎌ヶ谷の訪問看護｜りぼん訪問看護ステーション｜在宅医療 くぬぎ山,
rkurugbyacademy.jp,2023-05,RKU柏ジュニアラグビーアカデミー,
romy-nail.jp,,,アーカイブなし
rosesor.jp,2024-04,/ エラー,
ryukyu-oms.jp,,,アーカイブなし
sakii.jp,2024-09,sakii,
sakura-masakobo.jp,,,アーカイブなし
sdbv.jp,2025-03,■着付けも得意な美容室 サロンドボーテ・ヴィー■,
shapl.jp,,,アーカイブなし
sheepsleep.jp,2025-10,HOME|久留米市荒木町の化粧品販売・エステとリンパマッサージのお店「シープスリープ」,
shiga-wedding.jp,,,アーカイブなし
shinnihon-energy.jp,2017-09,,タイトル取得失敗
shiobe-nashinoki.jp,2025-11,サービス付き高齢者向け住宅 テラスしおべ梨の木,
shofuku-ji.jp,2018-11,曹洞宗 青龍山 昌福寺｜福島県伊達市梁川町,リダイレクト
simpatico.jp,2022-05,simpatico.jp – このドメインはお名前.comで取得されています。,
sjk-lab.jp,2026-04,Tienda - Tratamientos hidratantes y anti-edad – Envío gratis en compras superiores a 35€,
slaterecords.jp,2024-11,SlateRecords,
smarthands.jp,2026-02,BBB(トリプルビー)の効果を調査｜AYA監修サプリの実力とは？,リダイレクト
smartvision.jp,2026-04,国際メンタリング＆コーチングセンター／人材育成と教育研修,
sourire-inc.jp,2022-04,株式会社sourire｜インターネット広告代理店​​​,リダイレクト
sourire1001.jp,,,アーカイブなし
sousvoile.jp,2026-05,Bar à fromage sousvoile｜バール ア フロマージュ スーヴォワル,
ssk-union.jp,2025-02,協同組合 SSK,
steelballs.jp,,,アーカイブなし
sugar-sugar.jp,2026-06,Home - Sugar,
sunlight-naha.jp,2025-02,土木工事・建築工事・工事全般の事なら株式サンライト,
sunnysmile.jp,2025-09,川崎・横浜・東京でお子さま・家族撮影の出張撮影ならsunnysmile,
suntop.jp,2025-04,株式会社サントップ＝母なる地球の大地のために＝,
supporthub.jp,2026-02,supporthub｜社内外のAIヘルプデスク,
system2consulting.jp,,,アーカイブなし
t-kougei-kansai.jp,2024-07,東京工芸大学同窓会 関西支部,
tacticart-live.jp,2026-04,タクティカートライブ &#8211; 生より、近い,
tai-chi.jp,2021-08,全日本鄭子太極拳研究会 Top Page,
tairyoku65.jp,2026-02,エックスサーバー サーバー初期ページ,
takaminenkin.jp,2025-09,takaminenkin.jp,リダイレクト
tappy.jp,,,アーカイブなし
tas1.jp,2025-03,タスイチ｜士業の皆様へ＋１の選択肢 &#8211; Just another WordPress site,
theharbour.jp,2017-09,THE HARBOUR SHIBAURA,
thehumanrace.jp,2022-04,thehumanrace.jp – このドメインはお名前.comで取得されています。,
thenext.jp,,,アーカイブなし
thinkcontent.jp,2022-03,ThinkContent by amana 最適化されたコンテンツでビジネスを成功へと導く,
toeishoji.jp,2018-03,布施･俊徳道･長瀬エリアの賃貸マンション・アパート | TOEIホーム大阪営業所,
togitsukita.jp,2025-11,社会福祉法人 鳴鼓福祉会 時津北保育園 | 児童福祉施設として、乳幼児の最善の利益を考慮し、その福祉の推進に努めます。,
tokyonanyoukai.jp,2026-05,山形県南陽市の同郷会 東京南陽会,
toolbox-factory.jp,2023-12,株式会社tool Box,
toutoku-unyu.jp,2026-03,株式会社 東徳運輸,
tripbox.jp,2024-03,,タイトル取得失敗
tsuji-group.jp,2026-02,ようこそ,
tsukimori-miyazaki.jp,2026-06,うつわ 月森 &#8211; 作家ものの陶器とガラスのお店│宮崎県綾町,
tuktukstyle.jp,2025-03,TUKTUK STYLE 🛺 トゥクトゥクの輸入・販売,
turedure.jp,2025-07,デイサービス徒然｜高齢者介護 デイサービス,
tvss.jp,2026-02,YOURLS &mdash; Your Own URL Shortener | https://tvss.jp/,
umatopia.jp,2016-10,UMATOPIA,
unidragon.jp,,,アーカイブなし
urbanhome-toyama.jp,2024-05,富山市の賃貸アパート・マンション情報なら株式会社アーバンホーム富山店,
vicera.jp,,,アーカイブなし
vizio.jp,2021-12,vizio.jp&nbsp;-&nbsp;This website is for sale!&nbsp;-&nbsp;vizio Resources and Information.,パーキング
wannya-design.jp,2024-07,Wannya Design,
west-one-y.jp,,,アーカイブなし
westhome-shiga.jp,2026-04,株式会社ウエストホーム｜家に心あり。家がいちばん落ち着く場所作りのお手伝いをいたします。,
wgmc.jp,,,アーカイブなし
wood-area.jp,2025-12,HOME | 広島市の無垢材新築工事・リフォームはWOODAREAいしだまで,
wsel.jp,2026-05,目がイってるだけの普通の女をrawやhitomiで無料で漫画が読めるか確認 |,
y-mikan.jp,2026-05,宇和島みかんの通販なら山本みかん | 愛媛宇和島のみかん・ジュース専門店,
yacht13.jp,,,アーカイブなし
yamagata-wrecker.jp,2025-08,ホーム - ㈱山形レッカー yamagata-wrecker,
yamani-kusama-suisan.jp,2025-04,株式会社山二草間水産｜鮮度・質にこだわったミナミマグロ,
yashima-inc.jp,2023-01,株式会社ヤシマ - 大阪北摂の工務店,
yasuda-fish.jp,2025-10,宮崎と大分で鮮魚と干し物の事なら|株式会社安田,
yogachakra.jp,2025-09,大阪市で気軽に通えるヨガ教室 ヨガサークルチャクラ,
yoihanokai35.jp,2023-04,「良い歯の会」35周年記念事業 命を支える食と歯 ー講演と歯科治療相談の会ー,
ystyst.jp,,,アーカイブなし
zpn.jp,2008-05,絶品動画,
オーガニックナトゥーラ817.jp,2025-04,オーガニックレストラン NATURA 817は、熊本市中央区南熊本にある安心・安全な料理を提供しているお店です。,リダイレクト
ライン運用.jp,2025-09,LINE＠Booster（ラインで集客を加速させる最新ツール）,
医療事務資格講座.jp,2025-10,医療事務の資格・費用・通信・通学講座 人気ランキング,
鳩便.jp,,,アーカイブなし
