"title","content","status","category","tags","slug","screenshot_url"
"ピカラ光のアフィリエイトはどこのASP？","ピカラ光は<span class=""st-mymarker-s""><a href=""https://px.a8.net/svt/ejp?a8mat=3BG026+FXXVXU+0K+10A5LT"" target=""_blank"" rel=""noopener nofollow"">A8.net</a></span>でアフィリエイトできます。

<h2>ピカラ光のアフィリエイト情報</h2>
<table style=""border-collapse: collapse; width: 100%;"">
<tbody>
<tr>
<td style=""width: 50%; text-align: center; vertical-align: middle; background-color: #4a4a4a;""><strong><span style=""color: #ffffff;"">案件名</span></strong></td>
<td style=""width: 50%; text-align: center; vertical-align: middle;"">ピカラ光</td>
</tr>
<tr>
<td style=""width: 50%; text-align: center; vertical-align: middle; background-color: #4a4a4a;""><strong><span style=""color: #ffffff;"">運営会社</span></strong></td>
<td style=""width: 50%; text-align: center; vertical-align: middle;"">株式会社STNet</td>
</tr>
<tr>
<td style=""width: 50%; text-align: center; vertical-align: middle; background-color: #4a4a4a;""><strong><span style=""color: #ffffff;"">公式サイト</span></strong></td>
<td style=""width: 50%; text-align: center; vertical-align: middle;""><a href=""https://www.pikara.jp/"" target=""_blank"" rel=""noopener"">Pikara光（ピカラ光）</a></td>
</tr>
<tr>
<td style=""width: 50%; text-align: center; vertical-align: middle; background-color: #4a4a4a;""><strong><span style=""color: #ffffff;"">ジャンル</span></strong></td>
<td style=""width: 50%; text-align: center; vertical-align: middle;"">登録</td>
</tr>
<tr>
<td style=""width: 50%; text-align: center; vertical-align: middle; background-color: #4a4a4a;""><strong><span style=""color: #ffffff;"">報酬単価</span></strong></td>
<td style=""width: 50%; text-align: center; vertical-align: middle;"">7,500円</td>
</tr>
<tr>
<td style=""width: 50%; text-align: center; vertical-align: middle; background-color: #4a4a4a;""><strong><span style=""color: #ffffff;"">成果条件</span></strong></td>
<td style=""width: 50%; text-align: center; vertical-align: middle;"">新規開通</td>
</tr>
<tr>
<td style=""width: 50%; text-align: center; vertical-align: middle; background-color: #4a4a4a;""><strong><span style=""color: #ffffff;"">確定率</span></strong></td>
<td style=""width: 50%; text-align: center; vertical-align: middle;"">不明</td>
</tr>
<tr>
<td style=""width: 50%; text-align: center; vertical-align: middle; background-color: #4a4a4a;""><strong><span style=""color: #ffffff;"">CVR</span></strong></td>
<td style=""width: 50%; text-align: center; vertical-align: middle;"">不明</td>
</tr>
<tr>
<td style=""width: 50%; text-align: center; vertical-align: middle; background-color: #4a4a4a;""><strong><span style=""color: #ffffff;"">EPC</span></strong></td>
<td style=""width: 50%; text-align: center; vertical-align: middle;"">不明</td>
</tr>
<tr>
<td style=""width: 50%; text-align: center; vertical-align: middle; background-color: #4a4a4a;""><strong><span style=""color: #ffffff;"">承認基準</span></strong></td>
<td style=""width: 50%; text-align: center; vertical-align: middle;"">-</td>
</tr>
</tbody>
</table>
ピカラ光は、株式会社STNetが運営するサービスです。

<span class=""hutoaka"">無料で利用できる手軽さ</span>が魅力で、幅広いユーザー層に支持されています。

アフィリエイトとしては、<span class=""st-mymarker-s"">報酬単価7,500円</span>で新規開通が成果条件となっています。

A8.netで提携できます。

ピカラ光（Pikara）は、四国電力グループの株式会社STNetが提供する、四国地方（香川・愛媛・徳島・高知）限定の光回線サービスです。独自回線を使用しているため通信が混雑しにくく、四国エリアの顧客満足度調査で14年連続No.1の評価を得ています。
[st_af id=""3210""]","draft","","","pikara-hikari",""
