"id","status","date","title","slug","link"
"4038","publish","2026-07-10T15:21:22","WiFi東京レンタルショップのアフィリエイトはどこのASP？","wifi-tokyo-rentalshop","https://gooq.jp/wifi-tokyo-rentalshop/"
"4034","publish","2026-07-10T15:19:00","WiFiレンタル屋さんのアフィリエイトはどこのASP？","wifi-rental-store","https://gooq.jp/wifi-rental-store/"
"4031","publish","2026-07-10T15:17:10","WiFiGOのアフィリエイトはどこのASP？","wifigo","https://gooq.jp/wifigo/"
"4030","publish","2026-07-10T15:14:59","NETAGEのアフィリエイト提携はどこのASP？","netage-wifi","https://gooq.jp/netage-wifi/"
"4025","publish","2026-07-10T15:08:42","WiFiレンタルどっとこむのアフィリエイトはどこのASP？","wifi-rental-dotcom","https://gooq.jp/wifi-rental-dotcom/"
"4024","publish","2026-07-10T15:07:15","日本国内専用SoftBankレンタルWiFiのアフィリエイトはどこのASP？","softbank-rental-wifi","https://gooq.jp/softbank-rental-wifi/"
"4021","publish","2026-07-10T15:04:00","dinomoWiFiのアフィリエイトはどこのASP？","dinomo-wifi","https://gooq.jp/dinomo-wifi/"
"4018","publish","2026-07-10T14:58:25","ASAHIネット WiMAX +5GのアフィリエイトはどこのASP？","asahinet-wimax","https://gooq.jp/asahinet-wimax/"
"4015","publish","2026-07-10T14:53:47","チャージWiFiどっとこむのアフィリエイトはどこのASP？","charge-wifi-dotcom","https://gooq.jp/charge-wifi-dotcom/"
"4012","publish","2026-07-10T14:50:52","Trip WiFiのアフィリエイト提携はどこのASP？","trip-wifi","https://gooq.jp/trip-wifi/"
"4009","publish","2026-07-10T14:43:02","KURUFiのアフィリエイト提携はどこのASP？","kurufi-car-wifi","https://gooq.jp/kurufi-car-wifi/"
"4006","publish","2026-07-10T14:39:24","365チャージWiFiのアフィリエイトはどこのASP？","365-charge-wifi","https://gooq.jp/365-charge-wifi/"
"4003","publish","2026-07-10T14:28:39","WiFi革命セットのアフィリエイトはどこのASP？","wifi-kakumei-set","https://gooq.jp/wifi-kakumei-set/"
"4000","publish","2026-07-10T14:25:52","フリーランスWiFiのアフィリエイトはどこのASP？","freelance-wifi","https://gooq.jp/freelance-wifi/"
"3997","publish","2026-07-10T14:24:09","ecocoのアフィリエイトはどこのASP？","ecoco-wifi","https://gooq.jp/ecoco-wifi/"
"3993","publish","2026-07-10T14:21:43","縛りなしWiFiのアフィリエイト提携はどこのASP？","shibarinashi-wifi","https://gooq.jp/shibarinashi-wifi/"
"3988","publish","2026-07-10T14:19:30","MUGEN WiFiのアフィリエイトはどこのASP？","mugen-wifi","https://gooq.jp/mugen-wifi/"
"3985","publish","2026-07-10T14:17:45","プレミアムチャージWiFiのアフィリエイトはどこのASP？","premium-charge-wifi","https://gooq.jp/premium-charge-wifi/"
"3986","publish","2026-07-10T14:16:25","ZEUS WiFiのアフィリエイトはどこのASP？","zeus-wifi","https://gooq.jp/zeus-wifi/"
"3982","publish","2026-07-10T14:04:04","Free-Style Wi-FiのアフィリエイトはどこのASP？","freestyle-wifi","https://gooq.jp/freestyle-wifi/"
"3978","publish","2026-07-10T13:42:47","ギガセットWiFiのアフィリエイトはどこのASP？","gigaset-wifi","https://gooq.jp/gigaset-wifi/"
"3975","publish","2026-07-10T13:25:38","WiFi東京プリペイドのアフィリエイトはどこのASP？","wifi-tokyo-prepaid","https://gooq.jp/wifi-tokyo-prepaid/"
"3972","publish","2026-07-10T12:36:38","ネオチャージWiFiのアフィリエイトはどこのASP？","neo-charge-wifi","https://gooq.jp/neo-charge-wifi/"
"3967","publish","2026-07-10T12:25:23","リチャージWiFiのアフィリエイトはどこのASP？","recharge-wifi","https://gooq.jp/recharge-wifi/"
"3964","publish","2026-07-10T12:18:46","インスタントWi-FiのアフィリエイトはどこのASP？","instant-wifi","https://gooq.jp/instant-wifi/"
"3961","publish","2026-07-05T15:53:17","Wi-Fi SHOPのアフィリエイトはどこのASP？","wifi-shop","https://gooq.jp/wifi-shop/"
"3957","publish","2026-07-05T11:41:47","NOZOMI WIFIのアフィリエイトはどこのASP？","nozomi-wifi","https://gooq.jp/nozomi-wifi/"
"3954","publish","2026-07-05T11:37:54","ファストSIM-WiFiのアフィリエイトはどこのASP？","fast-sim-wifi","https://gooq.jp/fast-sim-wifi/"
"3946","publish","2026-07-05T11:33:39","ぷらすWiFiのアフィリエイトはどこのASP？","plus-wifi","https://gooq.jp/plus-wifi/"
"3945","publish","2026-07-05T11:28:24","にゃんこWi-FiのアフィリエイトはどこのASP？","nyanko-wifi","https://gooq.jp/nyanko-wifi/"
"3942","publish","2026-07-05T11:25:32","ロケモバWi-FiのアフィリエイトはどこのASP？","rokemoba-wifi","https://gooq.jp/rokemoba-wifi/"
"3940","publish","2026-07-05T11:19:49","Glocal WiFiのアフィリエイト提携はどこのASP？","glocal-wifi","https://gooq.jp/glocal-wifi/"
"3938","publish","2026-07-05T11:15:42","とくとくBBホームWi-FiのアフィリエイトはどこのASP？","tokutoku-home-wifi","https://gooq.jp/tokutoku-home-wifi/"
"3932","publish","2026-07-05T10:44:34","STAR WiFiのアフィリエイト提携はどこのASP？","star-wifi","https://gooq.jp/star-wifi/"
"3928","publish","2026-07-05T10:37:37","Nomad WiFiのアフィリエイトはどこのASP？","nomad-wifi","https://gooq.jp/nomad-wifi/"
"3924","publish","2026-07-04T23:18:07","それがだいじWi-Fiのアフィリエイト提携はどこのASP？","soregadaiji-wifi","https://gooq.jp/soregadaiji-wifi/"
"3920","publish","2026-07-04T23:14:16","AIR-WiFiのアフィリエイト提携はどこのASP？","air-wifi","https://gooq.jp/air-wifi/"
"3915","publish","2026-07-04T23:10:20","クラウドWiFiのアフィリエイト提携はどこのASP？","cloud-wifi","https://gooq.jp/cloud-wifi/"
"3911","publish","2026-07-04T23:06:10","誰でもWi-Fiのアフィリエイト提携はどこのASP？","daredemo-wifi","https://gooq.jp/daredemo-wifi/"
"3907","publish","2026-07-04T23:01:48","ギガWi-Fiのアフィリエイト提携はどこのASP？","giga-wifi","https://gooq.jp/giga-wifi/"
"3903","publish","2026-07-04T22:57:51","MONSTER MOBILEのアフィリエイトはどこのASP？","monster-mobile","https://gooq.jp/monster-mobile/"
"3899","publish","2026-07-04T22:55:15","どこよりもWiFiのアフィリエイトはどこのASP？","dokoyorimo-wifi","https://gooq.jp/dokoyorimo-wifi/"
"3895","publish","2026-07-04T22:51:37","おきらくホームWi-FiのアフィリエイトはどこのASP？","okiraku-home-wifi","https://gooq.jp/okiraku-home-wifi/"
"3891","publish","2026-07-04T22:47:56","CyberBB GIGA! WiMAXのアフィリエイトはどこのASP？","cyberbb-wimax","https://gooq.jp/cyberbb-wimax/"
"3887","publish","2026-07-04T13:35:03","PLAIO WiMAXのアフィリエイトはどこのASP？","plaio-wimax","https://gooq.jp/plaio-wimax/"
"3883","publish","2026-07-04T13:16:39","FreeMax+5GのアフィリエイトはどこのASP？","freemax5g","https://gooq.jp/freemax5g/"
"3879","publish","2026-07-04T13:08:24","DTI WiMAX 2+のアフィリエイトはどこのASP？","dti-wimax","https://gooq.jp/dti-wimax/"
"3875","publish","2026-07-04T13:03:44","VisionWiMAXのアフィリエイトはどこのASP？","vision-wimax","https://gooq.jp/vision-wimax/"
"3871","publish","2026-07-04T12:54:33","GMOとくとくBB WiMAXのアフィリエイトはどこのASP？","gmo-tokutoku-wimax","https://gooq.jp/gmo-tokutoku-wimax/"
"3867","publish","2026-07-03T17:09:49","カシモWiMAXのアフィリエイトはどこのASP？","kashimo-wimax","https://gooq.jp/kashimo-wimax/"
"3863","publish","2026-07-03T17:03:22","かんたん光のアフィリエイトはどこのASP？","kantan-hikari","https://gooq.jp/kantan-hikari/"
"3859","publish","2026-07-03T16:58:07","ビジモ光のアフィリエイトはどこのASP？","bizmo-hikari","https://gooq.jp/bizmo-hikari/"
"3855","publish","2026-07-03T16:54:09","ahamo光のアフィリエイトはどこのASP？","ahamo-hikari","https://gooq.jp/ahamo-hikari/"
"3851","publish","2026-07-03T16:47:58","Gaming+のアフィリエイト提携はどこのASP？","gaming-plus","https://gooq.jp/gaming-plus/"
"3846","publish","2026-07-03T16:42:21","MAXネット光のアフィリエイト提携はどこのASP？","max-net","https://gooq.jp/max-net/"
"3842","publish","2026-07-03T16:30:31","hi-ho with gamesのアフィリエイトはどこのASP？","hi-ho-with-games","https://gooq.jp/hi-ho-with-games/"
"3838","publish","2026-07-03T16:28:00","ばなな光のアフィリエイト提携はどこのASP？","banana-hikari","https://gooq.jp/banana-hikari/"
"3834","publish","2026-07-03T16:23:01","AsahiNet光のアフィリエイトはどこのASP？","asahinet-hikari","https://gooq.jp/asahinet-hikari/"
"3830","publish","2026-07-03T16:20:10","IIJmioひかりのアフィリエイトはどこのASP？","iijmio-hikari","https://gooq.jp/iijmio-hikari/"
"3827","publish","2026-07-03T16:17:12","ZOOTのアフィリエイトはどこのASP？","zoot-interlink","https://gooq.jp/zoot-interlink/"
"3823","publish","2026-07-03T16:12:02","ピカラ光のアフィリエイトはどこのASP？","pikara-hikari","https://gooq.jp/pikara-hikari/"
"3819","publish","2026-07-03T16:07:33","メガエッグのアフィリエイトはどこのASP？","megaegg","https://gooq.jp/megaegg/"
"3815","publish","2026-07-03T16:04:29","BBIQのアフィリエイト提携はどこのASP？","bbiq","https://gooq.jp/bbiq/"
"3811","publish","2026-07-03T16:00:26","@nifty光のアフィリエイト提携はどこのASP？","nifty-hikari","https://gooq.jp/nifty-hikari/"
"3807","publish","2026-06-30T23:19:40","おとくに光のアフィリエイト提携はどこのASP？","otokuni-hikari","https://gooq.jp/otokuni-hikari/"
"3803","publish","2026-06-30T23:13:54","ちょっパヤ！ネットのアフィリエイトはどこのASP？","choppaya-net","https://gooq.jp/choppaya-net/"
"3798","publish","2026-06-30T23:10:33","かもめインターネットのアフィリエイト提携はどこのASP？","kamome-internet","https://gooq.jp/kamome-internet/"
"3794","publish","2026-06-30T23:06:16","@TCOMヒカリのアフィリエイト提携はどこのASP？","tcom-hikari","https://gooq.jp/tcom-hikari/"
"3790","publish","2026-06-30T23:01:19","BB.excite光のアフィリエイト提携はどこのASP？","bbexcite-hikari","https://gooq.jp/bbexcite-hikari/"
"3786","publish","2026-06-30T22:57:29","おてがる光のアフィリエイト提携はどこのASP？","otegaru-hikari","https://gooq.jp/otegaru-hikari/"
"3782","publish","2026-06-30T22:54:31","Fon光のアフィリエイト提携はどこのASP？","fon-hikari","https://gooq.jp/fon-hikari/"
"3778","publish","2026-06-30T22:51:09","GMO光アクセスのアフィリエイト提携はどこのASP？","gmo-hikari-access","https://gooq.jp/gmo-hikari-access/"
"3774","publish","2026-06-30T22:46:53","BIGLOBE光のアフィリエイト提携はどこのASP？","biglobe-hikari","https://gooq.jp/biglobe-hikari/"
"3770","publish","2026-06-30T22:42:22","So-net光のアフィリエイト提携はどこのASP？","sonet-hikari","https://gooq.jp/sonet-hikari/"
"3766","publish","2026-06-30T22:38:33","DTI光のアフィリエイト提携はどこのASP？","dti-hikari","https://gooq.jp/dti-hikari/"
"3762","publish","2026-06-29T22:12:31","イツキ光のアフィリエイト提携はどこのASP？","itsuki-hikari","https://gooq.jp/itsuki-hikari/"
"3758","publish","2026-06-29T22:07:07","eo光のアフィリエイト提携はどこのASP？","eo-hikari","https://gooq.jp/eo-hikari/"
"3754","publish","2026-06-29T21:51:34","さすガねっとのアフィリエイト提携はどこのASP？","sasuganet","https://gooq.jp/sasuganet/"
"3750","publish","2026-06-29T21:46:29","@nifty with ドコモ光のアフィリエイトはどこのASP？","nifty-docomo-hikari","https://gooq.jp/nifty-docomo-hikari/"
"3746","publish","2026-06-29T21:41:11","OCNインターネット×ドコモ光のアフィリエイトはどこのASP？","ocn-docomo-hikari","https://gooq.jp/ocn-docomo-hikari/"
"3742","publish","2026-06-29T21:37:42","ドコモ光（GMOとくとくBB）のアフィリエイトはどこのASP？","docomo-hikari-gmo","https://gooq.jp/docomo-hikari-gmo/"
"3738","publish","2026-06-27T15:19:08","NURO光のアフィリエイト提携はどこのASP？","nuro-hikari","https://gooq.jp/nuro-hikari/"
"3734","publish","2026-06-27T15:15:52","コミュファ光のアフィリエイト提携はどこのASP？","commufa-hikari","https://gooq.jp/commufa-hikari/"
"3730","publish","2026-06-27T15:11:08","J:COM NET/TVのアフィリエイト提携はどこのASP？","jcom-net-tv","https://gooq.jp/jcom-net-tv/"
"3725","publish","2026-06-27T15:06:02","y.u mobileのアフィリエイトはどこのASP？","y-u-mobile","https://gooq.jp/y-u-mobile/"
"3721","publish","2026-06-27T15:03:04","ロケットモバイルのアフィリエイトはどこのASP？","rocket-mobile","https://gooq.jp/rocket-mobile/"
"3717","publish","2026-06-27T14:59:50","NUROモバイルのアフィリエイト提携はどこのASP？","nuro-mobile","https://gooq.jp/nuro-mobile/"
"3713","publish","2026-06-27T14:56:20","LIBMOのアフィリエイト提携はどこのASP？","libmo","https://gooq.jp/libmo/"
"3709","publish","2026-06-27T14:51:31","QTモバイルのアフィリエイト提携はどこのASP？","qt-mobile","https://gooq.jp/qt-mobile/"
"3705","publish","2026-06-27T14:48:37","トーンモバイルのアフィリエイト提携はどこのASP？","tone-mobile","https://gooq.jp/tone-mobile/"
"3701","publish","2026-06-27T14:41:43","J:COMモバイルのアフィリエイト提携はどこのASP？","jcom-mobile","https://gooq.jp/jcom-mobile/"
"3696","publish","2026-06-27T14:30:08","mineoのアフィリエイト提携はどこのASP？","mineo","https://gooq.jp/mineo/"
"3692","publish","2026-06-27T14:21:07","楽天モバイルのアフィリエイト提携はどこのASP？","rakuten-mobile","https://gooq.jp/rakuten-mobile/"
"3687","publish","2026-06-27T12:01:08","ミエルモのアフィリエイトはどこのASP？","mielmo","https://gooq.jp/mielmo/"
"3683","publish","2026-06-26T20:45:08","JAFのアフィリエイト提携はどこのASP？","jaf","https://gooq.jp/jaf/"
"3679","publish","2026-06-26T20:39:20","保険スクエアbang!自動車保険のアフィリエイトはどこのASP？","bang-car-insurance","https://gooq.jp/bang-car-insurance/"
"3675","publish","2026-06-26T20:35:16","インズウェブ自動車保険のアフィリエイトはどこのASP？","insweb-car-insurance","https://gooq.jp/insweb-car-insurance/"
"3671","publish","2026-06-26T20:25:21","トモママのアフィリエイトはどこのASP？","tomomama","https://gooq.jp/tomomama/"
"3667","publish","2026-06-26T20:20:43","モバイル保険のアフィリエイト提携はどこのASP？","mobile-hoken","https://gooq.jp/mobile-hoken/"
"3663","publish","2026-06-26T12:45:57","マネードットコムのアフィリエイトはどこのASP？","money-dot-com","https://gooq.jp/money-dot-com/"
"3659","publish","2026-06-26T12:40:51","ほけんのぜんぶのアフィリエイト提携はどこのASP？","hoken-no-zenbu","https://gooq.jp/hoken-no-zenbu/"
"3655","publish","2026-06-26T12:37:11","ほけんの縁結びのアフィリエイト提携はどこのASP？","hoken-enmusubi","https://gooq.jp/hoken-enmusubi/"
"3651","publish","2026-06-26T12:32:19","保険相談アイパートナーズのアフィリエイトはどこのASP？","hoken-i-partners","https://gooq.jp/hoken-i-partners/"
"3647","publish","2026-06-26T12:26:42","ほけんのAIのアフィリエイト提携はどこのASP？","hoken-no-ai","https://gooq.jp/hoken-no-ai/"
"3643","publish","2026-06-26T12:21:08","保険のトータルプロフェッショナルのアフィリエイトはどこのASP？","hoken-total-professional","https://gooq.jp/hoken-total-professional/"
"3639","publish","2026-06-26T12:10:06","保険見直しラボのアフィリエイト提携はどこのASP？","hoken-minaoshi-lab","https://gooq.jp/hoken-minaoshi-lab/"
"3635","publish","2026-06-26T11:53:57","みんなの生命保険アドバイザーのアフィリエイトはどこのASP？","minna-seimei-hoken-advisor","https://gooq.jp/minna-seimei-hoken-advisor/"
"3631","publish","2026-06-26T11:49:55","マネードクターのアフィリエイト提携はどこのASP？","money-doctor","https://gooq.jp/money-doctor/"
"3626","publish","2026-06-26T11:45:16","保険ランドリーのアフィリエイト提携はどこのASP？","hoken-laundry","https://gooq.jp/hoken-laundry/"
"3622","publish","2026-06-26T11:39:05","保険クリニックのアフィリエイト提携はどこのASP？","hoken-clinic","https://gooq.jp/hoken-clinic/"
"3618","publish","2026-06-25T21:24:18","ガーデン保険相談のアフィリエイト提携はどこのASP？","garden-hoken","https://gooq.jp/garden-hoken/"
"3613","publish","2026-06-25T21:11:02","ほけんの110番のアフィリエイト提携はどこのASP？","hoken-no-110ban","https://gooq.jp/hoken-no-110ban/"
"3609","publish","2026-06-25T20:59:42","保険コンパスのアフィリエイト提携はどこのASP？","hoken-compass","https://gooq.jp/hoken-compass/"
"3605","publish","2026-06-25T20:46:51","FPカフェのアフィリエイト提携はどこのASP？","fp-cafe","https://gooq.jp/fp-cafe/"
"3601","publish","2026-06-25T20:39:06","マネーサファリのアフィリエイト提携はどこのASP？","money-safari","https://gooq.jp/money-safari/"
"3597","publish","2026-06-25T17:28:52","FPのチカラのアフィリエイト提携はどこのASP？","fp-no-chikara","https://gooq.jp/fp-no-chikara/"
"3592","publish","2026-06-25T17:19:54","ベビープラネットのアフィリエイト提携はどこのASP？","baby-planet","https://gooq.jp/baby-planet/"
"3588","publish","2026-06-25T17:10:22","保険見直し本舗のアフィリエイト提携はどこのASP？","hoken-minaoshi-honpo","https://gooq.jp/hoken-minaoshi-honpo/"
"3583","publish","2026-06-25T13:06:52","松井証券 口座開設のアフィリエイトはどこのASP？","matsui-securities","https://gooq.jp/matsui-securities/"
"3579","publish","2026-06-25T12:53:47","GMOクリック証券・口座開設のアフィリエイトはどこのASP？","gmo-click-securities","https://gooq.jp/gmo-click-securities/"
"3575","publish","2026-06-25T12:41:51","小田急ポイントカードのアフィリエイト提携はどこのASP？","odakyu-point-card","https://gooq.jp/odakyu-point-card/"
"3571","publish","2026-06-25T10:38:42","FASIOビジネスカードのアフィリエイト提携はどこのASP？","fasio-business-card","https://gooq.jp/fasio-business-card/"
"3567","publish","2026-06-25T10:31:16","apollostation cardのアフィリエイト提携はどこのASP？","apollostation-card","https://gooq.jp/apollostation-card/"
"3563","publish","2026-06-24T23:11:02","Nexus Cardのアフィリエイト提携はどこのASP？","nexus-card","https://gooq.jp/nexus-card/"
"3559","publish","2026-06-24T20:30:41","ダイナースクラブカードのアフィリエイト提携はどこのASP？","diners-club-card","https://gooq.jp/diners-club-card/"
"3540","publish","2026-06-24T20:16:53","セゾンコバルト・ビジネス・アメックスのアフィリエイトはどこのASP？","saison-cobalt-business-amex","https://gooq.jp/saison-cobalt-business-amex/"
"3536","publish","2026-06-24T17:39:00","セゾンカードインターナショナルのアフィリエイトはどこのASP？","saison-card-international","https://gooq.jp/saison-card-international/"
"3532","publish","2026-06-24T17:28:18","セゾンカードデジタルのアフィリエイト提携はどこのASP？","saison-card-digital","https://gooq.jp/saison-card-digital/"
"3528","publish","2026-06-24T14:29:45","千趣会セゾンメンバーズカードのアフィリエイト提携はどこのASP？","senshukai-saison-card","https://gooq.jp/senshukai-saison-card/"
"3523","publish","2026-06-24T14:21:57","ショップチャンネルカード セゾンのアフィリエイト提携はどこのASP？","shop-channel-card-saison","https://gooq.jp/shop-channel-card-saison/"
"3519","publish","2026-06-24T11:46:19","WOWOWセゾンカードのアフィリエイト提携はどこのASP？","wowow-saison-card","https://gooq.jp/wowow-saison-card/"
"3515","publish","2026-06-24T11:33:25","ヤマダLABI ANAマイレージクラブカードのアフィリエイトはどこのASP？","yamada-labi-ana-card","https://gooq.jp/yamada-labi-ana-card/"
"3511","publish","2026-06-23T17:41:25","SEIBU PRINCE CLUBカード セゾンのアフィリエイトはどこのASP？","seibu-prince-club-card","https://gooq.jp/seibu-prince-club-card/"
"3507","publish","2026-06-23T17:28:45","JMBローソンPontaカードVisaのアフィリエイトはどこのASP？","jmb-lawson-ponta-card","https://gooq.jp/jmb-lawson-ponta-card/"
"3503","publish","2026-06-23T13:50:05","L.L.Bean ClubカードセゾンのアフィリエイトはどこのASP？","llbean-club-card-saison","https://gooq.jp/llbean-club-card-saison/"
"3498","publish","2026-06-23T13:40:47","ロフトカードのアフィリエイト提携はどこのASP？","loft-card","https://gooq.jp/loft-card/"
"3491","publish","2026-06-23T11:03:55","MUJI Cardのアフィリエイト提携はどこのASP？","muji-card","https://gooq.jp/muji-card/"
"3486","publish","2026-06-23T10:55:21","三井ショッピングパークカード《セゾン》のアフィリエイト提携はどこのASP？","mitsui-shopping-park-card","https://gooq.jp/mitsui-shopping-park-card/"
"3482","publish","2026-06-22T22:44:39","Nudge(ナッジ)カードのアフィリエイトはどこのASP？","nudge-card","https://gooq.jp/nudge-card/"
"3478","publish","2026-06-22T21:22:22","スルガJCBカードのアフィリエイト提携はどこのASP？","suruga-jcb-card","https://gooq.jp/suruga-jcb-card/"
"3474","publish","2026-06-22T21:08:00","プロミスVisaカードのアフィリエイト提携はどこのASP？","promise-visa-card","https://gooq.jp/promise-visa-card/"
"3470","publish","2026-06-22T16:35:20","dカード GOLD Uのアフィリエイト提携はどこのASP？","dcard-gold-u","https://gooq.jp/dcard-gold-u/"
"3466","publish","2026-06-22T16:24:27","TOKYU CARDのアフィリエイト提携はどこのASP？","tokyu-card","https://gooq.jp/tokyu-card/"
"3462","publish","2026-06-22T13:40:07","UCプラチナカードのアフィリエイト提携はどこのASP？","uc-platinum-card","https://gooq.jp/uc-platinum-card/"
"3458","publish","2026-06-22T13:09:49","楽天カードのアフィリエイト提携はどこのASP？","rakuten-card","https://gooq.jp/rakuten-card/"
"3454","publish","2026-06-21T21:05:22","リクルートカードのアフィリエイト提携はどこのASP？","recruit-card","https://gooq.jp/recruit-card/"
"3450","publish","2026-06-21T20:57:02","JAカードのアフィリエイト提携はどこのASP？","ja-card","https://gooq.jp/ja-card/"
"3446","publish","2026-06-21T17:48:14","エポスカードのアフィリエイト提携はどこのASP？","epos-card","https://gooq.jp/epos-card/"
"3442","publish","2026-06-21T17:38:33","三井住友カードのアフィリエイト提携はどこのASP？","smbc-card","https://gooq.jp/smbc-card/"
"3438","publish","2026-06-21T14:03:49","ABLENET VPSのアフィリエイト提携はどこのASP？","ablenet-vps","https://gooq.jp/ablenet-vps/"
"3433","publish","2026-06-21T13:52:42","JCBカードのアフィリエイト提携はどこのASP？","jcb-card","https://gooq.jp/jcb-card/"
"3429","publish","2026-06-21T11:34:16","Yahoo!ファイナンスVIP倶楽部のアフィリエイト提携はどこのASP？","yahoo-finance-vip","https://gooq.jp/yahoo-finance-vip/"
"3424","publish","2026-06-21T11:21:47","マネーフォワード クラウド確定申告のアフィリエイト提携はどこのASP？","moneyforward-cloud-tax-return","https://gooq.jp/moneyforward-cloud-tax-return/"
"3419","publish","2026-06-20T20:31:56","マネーフォワード クラウド会計のアフィリエイト提携はどこのASP？","moneyforward-cloud-accounting","https://gooq.jp/moneyforward-cloud-accounting/"
"3414","publish","2026-06-20T18:11:55","マネーフォワード MEのアフィリエイト提携はどこのASP？","moneyforward-me","https://gooq.jp/moneyforward-me/"
"3410","publish","2026-06-20T15:26:29","バイトルPROのアフィリエイト提携はどこのASP？","baitoru-pro","https://gooq.jp/baitoru-pro/"
"3406","publish","2026-06-20T15:09:10","アルバイトEXのアフィリエイト提携はどこのASP？","arubaito-ex","https://gooq.jp/arubaito-ex/"
"3390","publish","2026-06-18T19:33:08","FUNDINNOのアフィリエイト提携はどこのASP？","fundinno","https://gooq.jp/fundinno/"
"3386","publish","2026-06-18T19:12:25","リクナビ派遣のアフィリエイト提携はどこのASP？","rikunabi-haken","https://gooq.jp/rikunabi-haken/"
"3382","publish","2026-06-18T14:25:05","MillCrew（ミルクル）のアフィリエイト提携はどこのASP？","millcrew","https://gooq.jp/millcrew/"
"3378","publish","2026-06-18T14:12:28","エイジレスエージェントのアフィリエイト提携はどこのASP？","ageless-agent","https://gooq.jp/ageless-agent/"
"3374","publish","2026-06-13T20:59:32","タウンワークのアフィリエイト提携はどこのASP？","townwork","https://gooq.jp/townwork/"
"3370","publish","2026-06-13T12:49:40","アパレル派遣なびのアフィリエイト提携はどこのASP？","apparel-haken-navi","https://gooq.jp/apparel-haken-navi/"
"3365","publish","2026-06-12T20:59:32","ミイダスのアフィリエイト提携はどこのASP？","miidas","https://gooq.jp/miidas/"
"3361","publish","2026-06-12T17:56:44","転職会議のアフィリエイト提携はどこのASP？","jobtalk","https://gooq.jp/jobtalk/"
"3357","publish","2026-06-12T14:13:35","キャリアチケットのアフィリエイトはどこのASP？","career-ticket","https://gooq.jp/career-ticket/"
"3352","publish","2026-06-11T21:57:40","マイナビジョブ20'sのアフィリエイト提携はどこのASP？","mynavi-job20s","https://gooq.jp/mynavi-job20s/"
"3347","publish","2026-06-11T16:36:01","ASSIGNのアフィリエイト提携はどこのASP？","assign","https://gooq.jp/assign/"
"3342","publish","2026-06-11T14:24:36","リクルートエージェントのアフィリエイト提携はどこのASP？","recruit-agent","https://gooq.jp/recruit-agent/"
"3339","publish","2026-06-11T14:08:56","リクナビNEXTのアフィリエイト提携はどこのASP？","rikunabi-next","https://gooq.jp/rikunabi-next/"
"3335","publish","2026-06-10T22:11:45","ハタラクティブのアフィリエイト提携はどこのASP？","hataractive","https://gooq.jp/hataractive/"
"3332","publish","2026-06-04T15:17:25","ほいく畑のアフィリエイト提携はどこのASP？","hoiku-batake","https://gooq.jp/hoiku-batake/"
"3329","publish","2026-06-03T21:08:01","かいご畑のアフィリエイト提携はどこのASP？","kaigo-batake","https://gooq.jp/kaigo-batake/"
"3322","publish","2026-06-03T18:16:23","Geeklyのアフィリエイト提携先はどこのASP？","geekly","https://gooq.jp/geekly/"
"3318","publish","2026-06-03T15:33:11","医療キャリアナビのアフィリエイト提携はどこのASP？","iryo-career-navi","https://gooq.jp/iryo-career-navi/"
"3315","publish","2026-06-03T11:51:07","工場求人ナビのアフィリエイト提携先はどこのASP？","koujou-kyujin","https://gooq.jp/koujou-kyujin/"
"3312","publish","2026-06-02T22:19:24","SHIFFONのアフィリエイト提携はどこのASP？","shiffon","https://gooq.jp/shiffon/"
"3309","publish","2026-06-02T17:18:06","anote(アノテ)のアフィリエイト提携先はどこのASP？","anote","https://gooq.jp/anote/"
"3304","publish","2026-06-02T14:15:57","プレサンスグループのアフィリエイト提携はどこのASP？","pressance-mansion","https://gooq.jp/pressance-mansion/"
"3300","publish","2026-05-31T23:25:30","ホムホムのアフィリエイト提携はどこのASP？","homhom","https://gooq.jp/homhom/"
"3297","publish","2026-05-31T19:40:02","タウンライフとアフィリエイト提携できるASPはどこ？","townlife","https://gooq.jp/townlife/"
"3292","publish","2026-05-31T15:14:20","ノムコムのアフィリエイト提携はどこのASP？","nomucom","https://gooq.jp/nomucom/"
"3289","publish","2026-05-30T23:06:27","松井証券 MATSUI FXとアフィリエイト提携できるASPはどこ？","matsui-fx","https://gooq.jp/matsui-fx/"
"3286","publish","2026-05-30T19:53:51","GMOクリック証券 FXとアフィリエイト提携できるASPはどこ？","gmo-click-fx","https://gooq.jp/gmo-click-fx/"
"3282","publish","2026-05-30T11:28:40","保険マンモスとアフィリエイト提携できるASPはどこ？","hoken-mammoth","https://gooq.jp/hoken-mammoth/"
"3279","publish","2026-05-29T10:57:54","リーバイスのアフィリエイトはどこのASPで提携できる？","levis","https://gooq.jp/levis/"
"3276","publish","2026-05-28T20:26:22","adidasのアフィリエイト提携はどこのASP？","adidas","https://gooq.jp/adidas/"
"3273","publish","2026-05-28T18:11:23","WEGO ONLINE STOREのアフィリエイト提携はどこのASP？","wego-online-store","https://gooq.jp/wego-online-store/"
"3270","draft","2026-05-28T18:06:22","STYLE BLOCKのアフィリエイト提携はどこのASP？","style-block","https://gooq.jp/?p=3270"
"3267","publish","2026-05-28T15:01:06","RISUのアフィリエイト提携はどこのASP？","risu","https://gooq.jp/risu/"
"3264","publish","2026-05-28T10:12:19","サイバー大学のアフィリエイト提携はどこのASP？","cyber-university","https://gooq.jp/cyber-university/"
"3261","publish","2026-05-27T23:07:49","TechClipsエージェントとアフィリエイト提携できるASPはどこ？","techclips-agent","https://gooq.jp/techclips-agent/"
"3258","publish","2026-05-27T16:16:24","MCナースネットとアフィリエイト提携できるASPはどこ？","mc-nurse-net","https://gooq.jp/mc-nurse-net/"
"3255","publish","2026-05-27T13:49:45","コトラとアフィリエイト提携できるASPはどこ？","kotora","https://gooq.jp/kotora/"
"3252","publish","2026-05-27T10:51:50","タイズとアフィリエイト提携できるASPはどこ？","ties-maker","https://gooq.jp/ties-maker/"
"3250","publish","2026-05-26T23:08:00","ナースではたらことアフィリエイト提携できるASPはどこ？","nurse-hatarako","https://gooq.jp/nurse-hatarako/"
"3246","publish","2026-05-26T18:21:06","パーソルクロステクノロジーとアフィリエイト提携できるASPはどこ？","persol-xtech","https://gooq.jp/persol-xtech/"
"3238","publish","2026-05-25T23:12:28","スーパーナースとアフィリエイト提携できるASPはどこ？","super-nurse","https://gooq.jp/super-nurse/"
"3225","publish","2026-05-24T18:47:12","JAC Recruitmentとアフィリエイト提携できるASPはどこ？","jac-recruitment","https://gooq.jp/jac-recruitment/"
"3221","publish","2026-05-24T18:35:33","レバテックキャリアとアフィリエイト提携できるASPはどこ？","levtech-career","https://gooq.jp/levtech-career/"
"3206","publish","2026-05-19T17:05:26","フレッツ光のアフィリエイト提携サービス一覧・どこのASPにある？","flets-hikari","https://gooq.jp/flets-hikari/"
"3188","publish","2026-05-15T12:06:16","SoftBank Air・ひかりのアフィリエイト提携はどこのASP？","softbank-air","https://gooq.jp/softbank-air/"
"3181","publish","2026-05-10T11:31:00","UQ mobile(モバイル)アフィリエイト提携はどこのASP？","uq-mobile","https://gooq.jp/uq-mobile/"
"3178","publish","2026-05-07T14:27:05","UQ WiMAXとアフィリエイト提携できるASPはどこ？","uq-wimax","https://gooq.jp/uq-wimax/"
"2975","publish","2026-05-04T14:48:35","IIJmioとアフィリエイト提携できるASPはどこ？","iijmio","https://gooq.jp/iijmio/"
"3038","publish","2026-05-03T15:00:15","ワイモバイルとアフィリエイト提携できるASPはどこ？","ymobile","https://gooq.jp/ymobile/"
"3020","publish","2026-05-02T17:15:25","ahamoとアフィリエイト提携できるASPはどこ？","ahamo","https://gooq.jp/ahamo/"
"2857","publish","2026-05-01T21:05:25","auひかりのアフィリエイト提携はどこのASP？","au-hikari","https://gooq.jp/au-hikari/"
"3168","publish","2026-04-19T19:54:16","LINEMOとアフィリエイト提携できるASPはどこ？","linemo-2","https://gooq.jp/linemo-2/"
